משל	א	1	0	פרק א	<br />	<p>אלה המשלים שאסף שלמה המלך, כדי לדעת חכמה בעצמו וללמד אחרים; שמעו גם אתם והרחיבו את דעתכם!</p><p>הידיעה הראשונה והעיקרית היא יראת ה';&#160;&#160; גם כשאתם לומדים דברים חדשים, שמרו תמיד על המסורת, התורה והמצוות שקיבלתם מההורים.</p><p>ישנם\
 חוטאים שינסו לפתות אתכם להצטרף אליהם לפעולות של הונאה ואלימות, \
ויבטיחו לכם התעשרות קלה ומהירה; אל תלכו איתם! זו מלכודת, למעשה הם \
מתכוונים לפגוע בכם ולהתעשר על חשבונכם.</p><p>בניגוד לחוטאים, יש ברחוב גם חכמות, הקוראות לפתיים לחזור וללמוד חכמה. אלה שישובו ללימודים, יזכו למעיין של ידע וחידושים. ומה יקרה לאלה שיתעלמו מקריאת החכמה? </p>	<br />	<br />	<br />	מבנה משלי א
משל	ד	4	99	סיכום פרק ד	<br />	<br />	<p>פרק ד כולל שלושה קטעים, המתחילים בפניה אל \
<strong>הבנים</strong>:</p><ul><li>פסוקים 1-9: "<q class="psuq">שִׁמְעוּ <strong>בָנִים</strong> מוּסַר אָב, וְהַקְשִׁיבוּ לָדַעַת בִּינָה...</q>" - כישורים השכלתיים - חשיבות ההשקעה בחכמה ותבונה בכל גיל - ללמוד את חכמת הדורות הקודמים ולקנות תובנות חדשות;<br />\
\
  </li><li>פסוקים 10-19: "<q class="psuq">שְׁמַע, <strong>בְּנִי</strong>, וְקַח אֲמָרָי! וְיִרְבּוּ לְךָ שְׁנוֹת חַיִּים</q>" - כישורים חברתיים - זהירות מלחץ חברתי - ללכת תמיד בדרך הישר ולא להצטרף לרשעים, כי בסופו של דבר הרשעים ייכשלו והצדיקים יצליחו.</li><li>פסוקים 20-27: "<q class="psuq"><strong>בְּנִי</strong>! לִדְבָרַי הַקְשִׁיבָה, לַאֲמָרַי הַט אָזְנֶךָ</q>" - כישורים גופניים - שמירה על איברי הגוף - גם מבחינה חומרית (שמירת הבריאות) וגם נפשית.</li></ul><p>בקטע הראשון נזכר מוסר <strong>אב</strong>, אולם בפסוק 4 נזכרה גם ה<strong>אם</strong>. וייתכן שדברי האם הם הקטע השני והשלישי.&#160;&#160; האב \
מלמד כישורים שכליים, והאם מלמדת כישורים חברתיים רגשיים\
וגופניים.</p>	<br />	<br />	\N
משל	א	1	3	לָקַחַת מוּסַר הַשְׂכֵּל,\
צֶדֶק וּמִשְׁפָּט וּמֵישָׁרִים;	<p>לקחת (ללמוד) <strong>מוסר</strong> מחוכם; &#160;&#160; <strong>צדק</strong> - היא עבודת האלהים, <strong>ומשפט</strong> - מה שבין אדם לחבירו, <strong>ומשרים</strong> - בדבר המידות והנהגת האדם.</p>\
\
\
\
\
\
\
\
	<p>- הֱיוּ פעילים בלימוד -  השתדלו <strong>לקחת</strong>  <strong>מוסר </strong>(להפיק לקחים מעשיים) מכל דבר שאתם לומדים, כדי <strong>להשכיל</strong> (להצליח) בכל מעשיכם; &#160; לימדו לעשות<strong> צדק</strong>, לנהל <strong>משפט</strong>, <strong>וליישר</strong> את היחסים בין אדם לחברו.</p>	<p>1. הביטוי <strong>לקח</strong> מציין  למידה<small class="small"> (מצודות)</small>; בפרט למידה פעילה, שבה התלמידים לא \
רק <strong>מקבלים</strong> מהמורה את חומר הלימוד שהכין אלא גם טורחים \
ו<strong>לוקחים</strong> אותו בעצמם. הקורא בספר צריך להשקיע מאמץ ולחשוב איך <strong>לקחת</strong> את הדברים לחייו הפרטיים.&#160;&#160; <strong>מוסר</strong> - מלשון ייסורים<small class="small"> (ראו בפסוק הקודם)</small>, וכאן הכוונה למאמץ השכלי והרגשי הנדרש כדי ללמוד נושא חדש ולהכניס אותו ל<strong>שכל</strong>.</p><p>2. הביטוי \
<strong>לקח מוסר</strong>     מציין גם הפקת מסקנות ולְקָחִים <small class="small">(משלי כד32)</small><a href="http://localhost/tnk1/kma/qjrim1/lqxmusr.html"></a>; הביטוי \
<strong>מוסר השכל</strong>     מציין הפקת לקחים מעמיקה, המנסה למצוא את השֵכֶל שבכל דבר<small class="small"> (לקוטי מוהר"ן א)</small>, לקחת מכל הצלחה ומכל כישלון מסקנות שיאפשרו לאדם <strong>להשכיל</strong> (<a href="http://localhost/tnk1/kma/qjrim1/skl.html">= להצליח</a>) בעתיד.</p><h3>מה ההבדל בין <strong>צדק</strong>,<strong> משפט </strong>ו<strong>מישרים</strong>?</h3><p>שלושת המושגים הללו מופיעים יחד במקומות רבים בתנ"ך, במיוחד בספר תהלים.&#160;&#160; המפרשים הסבירו אותם בדרכים שונות: בין אדם לחברו<small class="small"> (רש"י)</small>, בין אדם למקום<small class="small"> (מצודות)</small> ובין אדם לנפשו<small class="small"> (הגאון מווילנה, ו</small><small class="small">ראו במאמר <a href="http://localhost/tnk1/kma/hvdlim1/cdq_jft_yjr.html">"צדק - משפט - מישרים"</a>)</small>.</p><p>1. כאן פירשנו  שכל המושגים מתייחסים להנהגת החברה האנושית, שכן זה הנושא ששלמה המלך הדגיש בבקשת החכמה <small class="small">(ראו "הקבלות")</small>: &#160;&#160; <strong>צדק</strong>     הוא העיקרון הנצחי והמופשט של הגינות, לתת לכל אחד את המגיע לו;&#160;&#160;&#160; <strong>משפט</strong>     הוא התהליך הפורמלי והמסודר שבו מחליטים מה מגיע למי;&#160;&#160;&#160; <strong>ומישרים</strong>     הם אמצעים להגיע לפשרה בדרכי שלום, "<q class="mfrj">דרך חלק ו<strong>מישור</strong>, שוה לזה ולזה</q>"<small class="small"> (רש"י)</small>.&#160;&#160;&#160; זה הסדר הנכון בלימוד: קודם ללמוד מה צודק, אחר-כך איך להגיע לצדק, ובסוף מה עושים כשאי-אפשר להגיע לצדק וצריך להתפשר <small class="small">(כך הוא הסדר גם במשלי ב9)</small>.</p><p>2. אפשר גם לפרש את כל המושגים על יחסים בין אדם לה': &#160; <strong>צדק</strong> "<q class="mfrj">הוא עבודת האלהים</q>" <small class="small">(מצודות)</small>, צַדִּיקוּת ודבקות בה';&#160;&#160; <strong>משפט</strong> הוא קיום חוקי ה' בכל פרט ופרט;&#160;&#160; ו<strong>מישרים </strong>הם הבנת השכל הישר בהנהגת ה' את העולם<small class="small"> (ע"פ גליה)</small>.</p>	<h3><strong>לקחת</strong> מוסר השכל - מאיפה לוקחים?</h3><p>שלמה ביקש מה' <strong>שייתן</strong> לו חכמה שתאפשר לו לעשות משפט צדק, <a class="psuq" href="http://localhost/tnk1/prqim/t09a03.htm#9">מלכים א ג9</a>: "<q class="psuq"><strong>וְנָתַתָּ</strong>\
 לְעַבְדְּךָ לֵב שֹׁמֵעַ <strong>לִשְׁפֹּט</strong> אֶת עַמְּךָ לְהָבִין בֵּין טוֹב לְרָע</q>"; ואכן, <a class="psuq" href="http://tora.us.fm/tnk1/prqim/t09a05.htm#26">מלכים א ה26</a>: "<q class="psuq">וה' <strong>נָתַן </strong>חָכְמָה לִשְׁלֹמֹה כַּאֲשֶׁר דִּבֶּר לוֹ</q>" (<a href="http://tora.us.fm/tnk1/nvir/mlkima/ma-05-26.html">פירוט</a>).&#160; </p><p> כשה' נותן לאדם חכמה, המוח שלו מלא וגדוש והרעיונות "נשפכים" החוצה. ולכן האדם צריך ליצור כלי-קיבול שיאפשר לו <strong>לקחת</strong> את החכמה האלהית - להכיל את כל הרעיונות שקיבל מה'.&#160; דרך אחת ליצור כלי-קיבול כזה היא לכתוב את הרעיונות בספר. כשאדם כותב את רעיונותיו, המוח שלו מתפנה לקבלת רעיונות חדשים.</p><p>זה כנראה מה שעשה שלמה.&#160;&#160; הוא כתב את ספר משלי כדי שיהיה כלי-קיבול לחכמה האלהית שקיבל, כדי <strong>לקחת</strong> את אותה חכמה שה' נתן לו ולהשתמש בה למטרה שעבורה ביקש אותה, לעשות "<q class="psuq">צֶדֶק <strong>וּמִשְׁפָּט</strong> וּמֵישָׁרִים</q>".</p><p>יש לפרש את הפסוקים 2-4 בסדר כרונולוגי המתאר את תהליך חיבור הספר:&#160;&#160; עוד כשהיה ילד, אסף שלמה משלים על-מנת <strong>לדעת חכמה ומוסר ולהבין אמרי בינה</strong><small class="small"> (פסוק 2)</small>.&#160;&#160; כשגדל ועלה למלוכה, ה' נתן לו חכמה והוא החליט לכתוב ספר שבו יוכל <strong>לקחת</strong> את החכמה ואת ה<strong>מוסר</strong> שה' <strong>השכיל</strong> אותו בהם כדי לעשות<strong> צדק</strong> ולנהל <strong>משפט</strong> <strong>וליישר</strong> את היחסים בין אדם לחברו<small class="small"> (פסוק 3)</small>.&#160;&#160; כשהתבגר וראה את מצבם העגום של הצעירים, החליט לפרסם את הספר כדי <strong>לתת לפתאים ערמה</strong> וזהירות מפיתוי, ולתת <strong>לנער דעת ו</strong>זהירות מ<strong>מזימה</strong><small class="small"> (פסוק 4)</small>.</p><h3>מה הקשר בין <strong>שכל</strong> לבין <strong>צדק משפט ומישרים</strong>?</h3><p>מטרתה העיקרית של החכמה בתנ"ך היא לעשות משפט ומישרים.</p><p>כך בדברי שלמה, שביקש <strong>לב שומע</strong> לשפוט וקיבל <strong>חכמה</strong> (<a href="http://tora.us.fm/tnk1/nvir/mlkima/ma-05-26.html">ראו למעלה</a>);</p><p>כך בפסוק שלנו, שבו \
<strong>מוסר השכל</strong> משמש לעשיית צדק ומשפט ומישרים;</p><p>כך בפרק הבא, שבו <strong>תבונה</strong> משמשת לעשיית צדק ומשפט ומישרים <small class="small">(משלי ב9)</small>;</p><p>וכך גם בעתיד, כשהמלך מבית דוד <strong>ישכיל</strong> לעשות משפט וצדקה, <a class="psuq" href="http://tora.us.fm/tnk1/prqim/t1123.htm#5">ירמיהו כג5</a>: "<q class="psuq">הִנֵּה יָמִים בָּאִים נְאֻם ה', וַהֲקִמֹתִי לְדָוִד צֶמַח צַדִּיק וּמָלַךְ מֶלֶךְ <strong>וְהִשְׂכִּיל</strong> וְעָשָׂה <strong>מִשְׁפָּט וּצְדָקָה</strong> בָּאָרֶץ</q>".</p><p class="future">הפסוק שלנו מדבר על <strong>מוסר השכל</strong>; בפרק טז נזכר מושג מנוגד - <strong>מוסר אוילים</strong>,&#160;<a class="psuq" href="/tnk1/prqim/t2816.htm#22"></a><a class="psuq" href="/tnk1/prqim/t2816.htm#22">משלי טז22</a>: "<q class="psuq">מְקוֹר חַיִּים שֵׂכֶל בְּעָלָיו, \
<strong>וּמוּסַר אֱוִלִים</strong> אִוֶּלֶת</q>". אחת ממטרותיו של ספר משלי היא ללמד את הקורא איך להבחין בין שני סוגי המוסר (<a href="/tnk1/ktuv/mj/16-22.html">פירוט</a>).</p>\
  \
	<p>המילה \
<strong>לקחת</strong>     מציינת למידה פעילה, שבה התלמידים לא \
<strong>מקבלים</strong> מהמורה את חומר הלימודים שהכין, אלא טורחים \
ו<strong>לוקחים</strong>     אותו בעצמם.&#160;&#160; הלקיחה יכולה להתבטא בהכנה של חומר-קריאה לפני ההרצאה, הגבה לשאלות מנחות תוך כדי ההרצאה, והכנת \
שיעורי בית אחריה.&#160;&#160; מחקרים בחינוך מראים, שלמידה פעילה מפעילה מעגלים רבים יותר במוח, ומשפרת את \
הזיכרון וההפנמה.&#160;&#160; "<q class="mfrj">ילד שנמצא בשיעור בבית הספר... לומד דברים, אבל לרוב לא \
<strong>לוקח</strong>     דברים,\
 לא מנסה מיוזמתו להפיק  דברים מהשיעור. המורה נאלץ... לדחוף לילד כמה חומר לימודים שהוא יכול, ורק\
להגביר את אי רצון הילד לקחת, לפעול, להתקדם ולהתעניין</q>" \
<small>(<a href="http://www.kipa.co.il/Jew/show.asp?id=17295">אורי בירן, לקיחת מוסר השכל, אתר כיפה</a>)</small>.</p><p>הביטוי \
<strong>לקח מוסר</strong>     מציין גם \
<a href="/tnk1/kma/qjrim1/lqxmusr.html">הפקת מסקנות ולקחים</a>, והביטוי \
<strong>מוסר השכל</strong>     מציין הפקת לקחים מעמיקה, שעוזרת לאדם להצליח בעתיד (ראו \
<strong>שכל</strong>     \
<a href="/tnk1/kma/qjrim1/skl.html">= הצלחה שנובעת ממחשבה</a>);\
אם כך, אחת ממטרותיו של ספר משלי היא ללמד את התלמידים להפיק לקחים באופן\
מעמיק - ללמוד מכל טעות ומכל כישלון, וכך לחיות חיים של שיפור מתמיד:&#160;&#160;&#160; "<q class="mfrj"><strong>מוסר... </strong>עניינו להסיר מן האדם את המידות הרעות שדבקו</q>    \
<q class="mfrj"> בו... \
אבל זה לא סתם מוסר, זה מוסר שמטרתו השכל.... התעסקות ברע, גם אם היא</q>    \
<q class="mfrj"> נגדו, לא עושה לאדם טוב. הוא מתרגל לראות את עצמו\
כאדם שלילי, את הרע כשולט בו, ויוצא שהתעסקותו ברע רק מגבירה את הרע\
שבקרבו. לכן רוצה שלמה \
<strong>שהמוסר שניקח</strong>     לא יהיה סתם מוסר,\
סתם ירידה לרפש שנמצא לנו בנפש, אלא ירידה לצורך עלייה...</q>"<small class="small"> (שם)</small>.</p>\
  \
<p>כדי שלתלמידים אכן תהיה מוטיבציה לקחת וללמוד למידה פעילה, חומר \
הלימודים צריך להתקשר לנושאים משמעותיים עבורם, ובפרט, לנושאים חברתיים: \
<strong>צדק ומשפט ומישרים</strong>: \
<strong>צדק</strong>     הוא העיקרון הנצחי והמופשט של הגינות, לתת לכל אחד את המגיע לו; \
<strong>משפט</strong>     הוא התהליך הפורמלי והמסודר שבו מחליטים מה מגיע למי; \
<strong>ומישרים</strong>     הם אמצעים להגיע לפשרה בדרכי שלום (ראו \
<a href="/tnk1/kma/hvdlim1/cdq_jft_yjr.html">צדק - משפט - מישרים</a>).</p><p class="future">הסדר בפסוק מחייב: קודם כל לומדים מה \
<strong>צודק</strong>           - מה מגיע למי, ואיך צריכה להיראות חברה צודקת בעולם אידיאלי; אחר-כך לומדים את ההליכים המסודרים של ניהול \
<strong>משפט</strong>, שבעזרתם יש להגיע לצדק; ובסוף לומדים את הכלים הפסיכולוגיים המאפשרים להגיע לפשרה \
<strong>ומישרים</strong>. </p><p class="future">המחבר אינו מסתפק בלימוד פאסיבי, אלא מעוניין \
<strong>לקחת</strong>             את הדברים, להסיק מהם מסקנות ולהפיק מהם \
<strong>מוסר השכל</strong>  שיוכל&#160; ליישם בחייו האישיים; דברי החכמה נועדו לא רק ללימוד עיוני-פילוסופי, אלא גם ובעיקר לעשות \
<strong>צדק ומשפט ומישרים</strong>             - לשפוט בצדק וביושר, לתקן את מערכת המשפט ואת החברה כולה (<a href="/tnk1/ktuv/mj/01-03.html">פירוט</a>). </p><p class="future">הפסוק הבא (פסוק 4) פותח במילה מנוגדת - "<q class="psuq">לתת     לפתאים ערמה...</q>"\
 - והוא מתאר אמצעי נוסף ליצור למידה פעילה - לחנך את התלמידים שיתנו את \
המידע שלקחו לאחרים, שיודעים פחות מהם; ללמד אותם איך לְלַמֵּד תלמידים \
שאינם יכולים לקחת ולִלְמוֹד בעצמם (<a href="/tnk1/ktuv/mj/01-04.html">פירוט</a>).  \
</p>	למידה פעילה
משל	ה	5	99	סיכום פרק ה	<br />	<br />	<p>פרק ה כולו נאום אחד, המזהיר את הקורא מנשים זרות ומעודדו להשקיע בקשר עם אשתו. ניתן לחלק את הנאום לכמה חלקים:</p>\
<p><strong>פסוקים 1-6</strong>: תיאור הפיתוי - מה הן דרכי הפיתוי שבהן משתמשת האשה הנואפת, מדוע היא כל כך מושכת?</p><ul><li>פסוקים 1-2: שמור בחכמה על האזניים ועל השפתיים, כי הם מוקדי הפיתוי העיקריים:</li><li>פסוקים 3-4: הנשיקות של האשה הזרה, וכן הדברים שהיא אומרת, מתוקים ונעימים, אך בסופו של דבר מובילים לתוצאה מרה וכואבת.</li><li>פסוקים 5-6: האישה הזרה מובילה את כל ההולכים עמה למוות, אך כדי שלא תוכל לעזוב \
באמצע הדרך ולחזור לחיים, היא תוביל אותך במעגלים משתנים שאינך מכיר, ולא \
תדע איך לצאת מהם.</li></ul><p><strong>פסוקים 7-14</strong>: "סור מרע" - עצות מעשיות, איך להינצל מהפיתוי: </p>\
    \
<ul><li>פסוקים 7-8: להתרחק מהאשה הזרה, לשמור על איסור ייחוד.</li><li>פסוקים 9-10: לחשוב על החופש שלך - כשאתה נכנע\
לפיתוי - אתה למעשה נותן את כוחות הגוף והנפש שלך לאחרים, והם יכולים\
לעשות איתם מה שהם רוצים. את כבר לא שולט בעצמך - אחרים שולטים בך. תחשוב\
על כל ההישגים שהישגת במשך השנים - כל הכבוד והכוחות שצברת - האם אתה באמת\
רוצה שזרים ישלטו בכל זה?<br />\
</li><li>פסוקים 11-14 - לחשוב על העתיד שלך: חשוב על ימי הזיקנה - מה \
תרגיש כשתהיה זקן? תענוגות הגוף כבר לא יעניינו אותך - האם לא תצטער \
על כל השנים הטובות שבזבזת על דברי הבל?</li></ul><p><strong>פסוקים 15-19</strong>: "עשה טוב" - עצות מעשיות, איך להפנות את היצר לאפיקים חיוביים:</p>\
    \
<ul><li>פסוקים 15-17: לעסוק בפעילות יצירתית-מקורית ולהפיץ את יצירותיך ברבים. מי שעוסק בפעילות כזאת\
- אין לו זמן לתת את כוחות החיים שלו לפיתויים זרים (וזרות).</li><li>פסוקים 18-19: להתחתן ולהשקיע בשיפור האהבה עם בת-הזוג. </li></ul><p><strong>פסוקים 20-23</strong>:\
 הצד האלהי - לכוון את נקודת המבט כלפי מעלה, אל ה': לזכור שה' \
רואה אותך תמיד, ולא תוכל להתחמק מלתת דין וחשבון על עוונותיך; לכל חטא יש \
מחיר.</p><p>-</p><p>מעבר לפירוש הפשוט, האישה הנואפת היא גם משל לתאוות גופניות ורוחניות שונות (ראו \
<a href="http://localhost/tnk1/kma/qjrim1/nkrya.html">אשה זרה ונכריה בספר משלי</a>), ובפרשנות זו הפרק פונה גם לקוראִים וגם לקוראוֹת.</p>	<p>1. בפרק ב הבטיח החכם, שהתבונה תעזור לך להינצל מפיתויי נשים זרות, <a class="psuq" href="http://tora.us.fm/tnk1/prqim/t2802.htm#11">משלי ב11-16</a>: "<q class="psuq">מְזִמָּה תִּשְׁמֹר עָלֶיךָ, תְּבוּנָה תִנְצְרֶכָּה... </q><q class="psuq">לְהַצִּילְךָ מֵאִשָּׁה זָרָה, מִנָּכְרִיָּה אֲמָרֶיהָ הֶחֱלִיקָה</q>" (<a href="http://tora.us.fm/tnk1/ktuv/mj/02-16.html">פירוט</a>). בפרקנו הוא מקיים את ההבטחה, ונותן עצות מעשיות איך להיזהר מפיתויים (ראו "דקויות").</p><p>2. הפרק רומז לשמשון הגיבור <small class="small">(ראו שופטים טז; ע"פ ר' אליהו שץ, פירוש אליהו על משלי)</small>. שמשון התאהב באישה זרה ושמה דלילה, והיא ניסתה פעמים רבות לפתות אותו במתיקות שיגלה לה את סודו: <strong>כי נופת תטופנה שפתי זרה, וחלק משמן חכה</strong>. אולם הקשר עמה הביא על שמשון עינויים: <strong>ואחריתה מרה כלענה, חדה כחרב פיות</strong>, ובסופו של דבר היא הביאה עליו את מותו: <strong>רגליה יורדות מוות, שאול צעדיה יתמוכו</strong>.&#160;&#160;&#160; הפלשתים הרשעים אסרו אותו בחבלים: <strong>עוונותיו ילכדונו את הרשע, ובחבלי חטאתו ייתמך</strong>. הפלשתים האכזרים לקחו את שערו ההדור: <strong>פן תתן לאחרים הודך, ושנותיך לאכזרי</strong>. הם העבידו אותו בפרך כטוחן בבית האסורים: <strong>פן ישבעו זרים כוחך, ועצביך בבית נכרי</strong>; וברגעיו האחרונים הוא צעק בצער: <strong>ונהמת באחריתך, בכלות בשרך ושארך</strong>. הוא הצטער שלא שמע בקול הוריו שהזהירו אותו מפני בנות הפלשתים: <strong>ואמרת איך שנאתי מוסר ותוכחת נאץ ליבי, ולא שמעתי בקול מוריי ולמלמדיי לא הטיתי אזני</strong>, ולכן היה ללעג ולקלס בתוך קהל הפלשתים: <strong>כמעט הייתי בכל רע, בתוך קהל ועדה</strong>. אילו לפחות היה נשאר נאמן  לאשתו הראשונה - אשת נעוריו - לא היה נופל בפח של דלילה: <strong>יהי מקורך ברוך, ושמח מאשת נעוריך... ולמה תשגה בני בזרה, ותחבק חיק נכריה?</strong></p><p> "היזהר!", אומר החכם, "אפילו שמשון הגיבור הובס על-ידי פיתויי אישה, אז אל תשלה את עצמך שאתה תצליח להתגבר עליהם!".</p><p>3. שלושה פרקים סמוכים בספר משלי - ה, ו, ז - מזהירים מפני ניאוף. להשוואה בין הפרקים ראו ביאורנו לפרק ז.</p>	<br />	\N
משל	\N	0	6	זכר ונקבה בספר משלי	<br />	<br />	<p>בספרי הדרכה מקובל לכתוב משפט כמו "הספר כתוב בלשון זכר אך מיועד\
לגברים ולנשים במידה שוה". בספר משלי לא מצאתי משפט מסוג זה, אולם, כבר\
בפתיחת הספר יש התייחסות לגברים ולנשים:\
<br />\
     \
</p>                \
<p>\
<a class="psuq" href="http://tora.us.fm/tnk1/prqim/t2801.htm#8">משלי א8</a>: "<q class="psuq">שְׁמַע בְּנִי מוּסַר \
אָבִיךָ,                     וְאַל תִּטֹּשׁ תּוֹרַת \
אִמֶּךָ</q>" (<a href="http://tora.us.fm/tnk1/ktuv/mjly/mj-01-0809.html">פירוט</a>)\
<br />\
     \
</p>                \
<p>הפנייה היא אמנם אל תלמיד-בן, אבל המורים הם האב והאם; המילה\
<strong>בני</strong>            משמעה גם "תלמידי", ולכן \
<strong>אביך</strong>            ו\
<strong>אמך</strong>            הם המורים והמורות שלך, שיש ללמוד מהם במידה שווה.\
   \
</p>                \
<p>בהמשך הפרק ישנם שני קטעים המתארים, כנראה, את מוסר האב ותורת האם:\
<br />\
     \
</p>                <ul><li>הקטע הבא (משלי א10-19) מתאים לתיאור \
<strong>מוסר אביך</strong>: קטע מאד 'גברי', על שודדים ורוצחים שמנסים לפתות את הבן להצטרף אליהם, והאב מזהיר את בנו "<q class="psuq">בְּנִי! אִם יְפַתּוּךָ חַטָּאִים - אַל תֹּבֵא!</q>".</li><li>והקטע שאחריו (משלי א20-33) מתאים לתיאור\
<strong>תורת אמך</strong>: קטע 'נשי', שהדמות הדוברת בו היא ממין נקבה - מורה חכמה המנסה לשכנע נערי רחוב לשוב לספסל הלימודים: "<q class="psuq">חָכְמוֹת\
 בַּחוּץ תָּרֹנָּה, בָּרְחֹבוֹת תִּתֵּן קוֹלָהּ. בְּרֹאשׁ הֹמִיּוֹת \
תִּקְרָא, בְּפִתְחֵי שְׁעָרִים בָּעִיר אֲמָרֶיהָ תֹאמֵר: עַד מָתַי \
פְּתָיִם תְּאֵהֲבוּ פֶתִי...</q>".</li></ul>\
              \
<p>גברים ונשים נמצאים לא רק בצד החיובי של החכמה אלא גם בצד השלילי שלה -\
גם הפיתויים, שספר משלי מזהיר מפניהם, כוללים גברים מסוכנים ונשים מסוכנות באותה מידה.\
<br />\
     \
</p>                \
<p>כתוב ב<a class="psuq" href="http://tora.us.fm/tnk1/prqim/t2802.htm#11">משלי ב11</a>: "<q class="psuq">מְזִמָּה תִּשְׁמֹר עָלֶיךָ, תְּבוּנָה תִנְצְרֶכָּה</q>", כלומר, המזימה והתבונה שומרות על האדם מפני סכנות ופיתויים (<a href="http://tora.us.fm/tnk1/ktuv/mjly/mj-02-11.html">פירוט</a>); בקטע הבא (משלי ב 12-19) מפורטים שני סוגים של סכנות ופיתויים:\
גברים מסוכנים          ונשים \
מסוכנות, והם מתוארים בשני קטעים מקבילים לגמרי:\
<br />\
     \
 \
</p>                \
<div>\
<div style="text-align: center;">\
</div>               &#160;\
<table border="1">\
<tbody>\
<tr>\
    \
<td>\
גברים מסוכנים (יב-טו)\
</td>            \
<td style="vertical-align: top;">נשים מסוכנות (טז-יט)</td></tr>                               \
<tr>\
                       \
<td>12: \
<q class="psuq">\
לְהַצִּילְךָ    מִדֶּרֶךְ רָע, \
מֵאִישׁ    מְדַבֵּר תַּהְפֻּכוֹת</q>    \
</td>                     \
<td style="vertical-align: top;">טז: \
<q class="psuq">\
לְהַצִּילְךָ    \
מֵאִשָּׁה    זָרָה, מִנָּכְרִיָּה אֲמָרֶיהָ הֶחֱלִיקָה</q>    \
</td></tr>                                                                     \
<tr>\
                           \
<td> 13: \
<q class="psuq">\
הַעֹזְבִים    אָרְחוֹת יֹשֶׁר, לָלֶכֶת בְּדַרְכֵי \
חֹשֶׁךְ</q>       \
</td>                              \
<td style="vertical-align: top;">יז: \
<q class="psuq">\
הַעֹזֶבֶת    אַלּוּף נְעוּרֶיהָ, וְאֶת בְּרִית אֱלֹהֶיהָ \
שָׁכֵחָה</q>       \
</td></tr>                                                                                \
<tr>\
                          \
<td>\
14: \
<q class="psuq">הַשְּׂמֵחִים לַעֲשׂוֹת רָע, יָגִילוּ בְּתַהְפֻּכוֹת רָע</q>    \
</td>                     \
<td style="vertical-align: top;">יח: \
<q class="psuq">כִּי שָׁחָה אֶל מָוֶת בֵּיתָהּ, וְאֶל רְפָאִים \
מַעְגְּלֹתֶיהָ</q>       \
</td></tr>                                                                              \
<tr>\
                       \
<td>\
15: \
<q class="psuq">אֲשֶׁר \
אָרְחֹתֵיהֶם    עִקְּשִׁים, וּנְלוֹזִים \
בְּמַעְגְּלוֹתָם</q>       \
</td>                              \
<td style="vertical-align: top;">יט: \
<q class="psuq">כָּל בָּאֶיהָ לֹא יְשׁוּבוּן, וְלֹא יַשִּׂיגוּ \
אָרְחוֹת    חַיִּים</q>    \
</td></tr>                     </tbody>                        </table>                        </div>                                                                                    \
        \
              \
<p>\
בכל חלק ישנן שתי דמויות:\
     \
  \
</p>                \
              \
<ul><li>בחלק ה'זכרי' מתוארים איש שהולך \
<strong>בדרך רע</strong>                         בגלוי, ואיש רמאי \
<strong>המדבר תהפוכות</strong>                         (= דברי צביעות, דעות המתהפכות תדיר בהתאם לאינטרסים משתנים) בחושך ובסתר (<a href="http://tora.us.fm/tnk1/ktuv/mjly/mj-02-1219.html">פירוט</a>);\
<br />\
     \
</li><li>ובחלק ה'נקבי' מתוארות\
<strong>אישה זרה העוזבת אלוף נעוריה</strong>       - אישה של איש זר הבוגדת בבעלה, ואישה\
<strong>נכריה                   אשר \
ברית אלהיה שכחה</strong>       - אישה שעזבה את תורת ישראל, ומנסה לפתות אנשים מעם ישראל ללכת בעקבותיה (<a href="http://tora.us.fm/tnk1/ktuv/mjly/mj-02-1619.html">פירוט</a>).\
</li></ul><p>           בהמשך הספר ישנן כמה עצות ספציפיות המיועדות להתמודדות עם גברים מסוכנים, למשל ב<a href="http://tora.us.fm/tnk1/ktuv/mjly/mj-01-1114.html">פרק א</a>, פרק ד ו<a href="http://tora.us.fm/tnk1/ktuv/mjly/eivrim.html">פרק ו</a>; וכן עצות להתמודדות עם נשים מסוכנות, למשל ב<a href="http://tora.us.fm/tnk1/ktuv/mjly/mj-05.html">פרק ה</a>, פרק ו ו<a href="http://tora.us.fm/tnk1/ktuv/mjly/mj-07-1021.html">פרק ז</a>.\
</p><p>גם בסוף הספר ישנו קטע המדבר על סכנות מסוגים שונים, \
<a class="psuq" href="http://tora.us.fm/tnk1/prqim/t2830.htm#21">משלי ל21</a>: "<q class="psuq">תַּחַת שָׁלוֹשׁ רָגְזָה אֶרֶץ, וְתַחַת אַרְבַּע לֹא תוּכַל שְׂאֵת</q>" (<a href="http://tora.us.fm/tnk1/ktuv/mjly/mj-30-2123.html">פירוט</a>). גם קטע זה הוא סימטרי ומתאר שני גברים ושתי נשים:\
</p>          \
          \
<table border="1">\
<tbody>\
<tr>\
<td style="vertical-align: top;">\
גברים (פסוק 22)</td>            \
<td>\
נשים (פסוק 23)\
</td>                \
</tr>                   \
<tr>\
<td style="vertical-align: top;">\
<q class="psuq">תַּחַת עֶבֶד כִּי יִמְלוֹךְ,</q>    \
</td>                      \
<td>\
<q class="psuq">תַּחַת שְׂנוּאָה כִּי תִבָּעֵל,&#160;</q>    \
          \
</td>                                   \
</tr>                                                \
<tr>\
<td style="vertical-align: top;">\
<q class="psuq">וְנָבָל כִּי יִשְׂבַּע לָחֶם.</q>    \
</td>                     \
<td>\
<q class="psuq">וְשִׁפְחָה כִּי תִירַשׁ גְּבִרְתָּהּ.</q>    \
</td>                                                 \
</tr>                                                  \
                                 \
</tbody></table>                          \
<p>ספר משלי משווה את אומנות הפיתוי לציד ציפורים - כמו הציפור, החושבת שמציעים לה אוכל בחינם ונכנסת למלכודת מוות, כך גם הפתיים: \
<br />\
</p>   <ul><li>בין אם המפתים הם גברים, כמו ב<a class="psuq" href="http://tora.us.fm/tnk1/prqim/t2801.htm#17">משלי א17-18</a>: "<q class="psuq">כִּי חִנָּם מְזֹרָה הָרָשֶׁת בְּעֵינֵי כָל \
<strong>\
בַּעַל כָּנָף</strong>; וְהֵם לְדָמָם יֶאֱרֹבוּ, יִצְפְּנוּ \
לְנַפְשֹׁתָם</q>" (<a href="http://tora.us.fm/tnk1/ktuv/mjly/mj-01-17.html">פירוט</a>).</li><li>ובין אם המפתה היא אשה, כמו ב<a class="psuq" href="http://tora.us.fm/tnk1/prqim/t2807.htm#23">משלי ז23</a>: "<q class="psuq">עַד יְפַלַּח חֵץ כְּבֵדוֹ, כְּמַהֵר \
<strong>\
צִפּוֹר</strong>  אֶל פָּח וְלֹא יָדַע כִּי \
בְנַפְשׁוֹ הוּא</q>" (<a href="http://tora.us.fm/tnk1/ktuv/mjly/mj-07-23.html">פירוט</a>).</li></ul>   ישנם פסוקים נוספים המתארים רעיון דומה, פעם לגבר ופעם לאישה - על חכמה בניהול משק הבית:\
 <ul><li>\
<a class="psuq" href="http://tora.us.fm/tnk1/prqim/t2811.htm#29">משלי יא29</a>: "<q class="psuq">עוֹכֵר \
<strong>\
בֵּיתוֹ</strong>  יִנְחַל רוּחַ, וְעֶבֶד \
<strong>\
אֱוִיל</strong>  \
לַחֲכַם לֵב</q>" (<a href="http://tora.us.fm/tnk1/ktuv/mjly/mj-11-29.html">פירוט</a>)</li><li>\
<a class="psuq" href="http://tora.us.fm/tnk1/prqim/t2814.htm#1">משלי יד1</a>: "<q class="psuq">חַכְמוֹת נָשִׁים \
בָּנְתָה \
<strong>בֵיתָהּ</strong>, \
<strong>\
וְאִוֶּלֶת</strong>  בְּיָדֶיהָ תֶהֶרְסֶנּוּ</q>" (<a href="http://tora.us.fm/tnk1/ktuv/mjly/mj-14-01.html">פירוט</a>)</li></ul><p>על התרחקות ממריבות וסכסוכים:</p><ul><li>\
<a class="psuq" href="http://tora.us.fm/tnk1/prqim/t2826.htm#21">משלי כו21</a>: "<q class="psuq">פֶּחָם לְגֶחָלִים, וְעֵצִים לְאֵשׁ, <strong>וְאִישׁ מדונים[מִדְיָנִים] </strong> לְחַרְחַר רִיב</q>" (<a href="http://tora.us.fm/tnk1/ktuv/mj/26-21.html">פירוט</a>).</li><li>\
\	\	\	<a class="psuq" href="http://tora.us.fm/tnk1/prqim/t2825.htm#24">משלי כה24</a>: "<q class="psuq">טוֹב שֶׁבֶת עַל פִּנַּת גָּג <strong>מֵאֵשֶׁת מדונים[מִדְיָנִים] </strong> וּבֵית חָבֶר</q>" (<a href="http://tora.us.fm/tnk1/ktuv/mj/25-24.html">פירוט</a>).</li></ul>וכן על תכונות נדירות שקשה למצוא: <ul><li>\
\	\	\	\
<a class="psuq" href="http://tora.us.fm/tnk1/prqim/t2820.htm#6">משלי כ6</a>: "<q class="psuq">רָב אָדָם יִקְרָא אִישׁ חַסְדּוֹ, <strong>וְאִישׁ</strong> אֱמוּנִים \
<strong>מִי יִמְצָא</strong></q>" (<a href="http://tora.us.fm/tnk1/ktuv/mj/20-06.html">פירוט</a>)\
\	\	</li><li>\
\	\	\	\
<a class="psuq" href="http://tora.us.fm/tnk1/prqim/t2831.htm#10">משלי לא10</a>: "<q class="psuq"><strong>אֵשֶׁת</strong> חַיִל \
<strong>מִי יִמְצָא,</strong>  וְרָחֹק מִפְּנִינִים מִכְרָהּ</q>" (<a href="http://tora.us.fm/tnk1/ktuv/mj/31-10.html">פירוט</a>)\
\	\	</li></ul>    נסכם:\
            <ul><li>יש ללמוד מהאב ומהאם, ממורים וממורות במידה שווה;\
<br />\
</li><li>יש להיזהר מגברים מסוכנים ומנשים מסוכנות במידה שווה;</li><li>לנשים ולגברים במידה שווה ישנן מידות טובות ומידות רעות.</li></ul>	<p>כל פסוק בספר משלי מכיל, מלבד המשמעות הפשוטה, גם משלים (<a href="http://localhost/tnk1/ktuv/mj/01-06.html">פירוט</a>). לפיכך ניתן לפרש, שהגברים\
המסוכנים והנשים המסוכנות, שספר משלי מזהיר אותנו מפניהם, אינם רק גברים\
ונשים ממש, אלא גם משל לכוחות נפשיים מסויימים. על-פי הגר"א:\
\
</p><ul><li>הגברים מסמלים את היצר ה"כעסני" - יצר האלימות - הרע והמרמה;</li><li>והנשים מסמלות את היצר ה"תאווני" - יצר המין - התאווה והחמדה.</li></ul><p>\
זיגמונד פרויד, אבי תורת הפסיכואנליזה, חי כ-150 שנים אחרי הגר"א; בכתביו\
של פרויד נזכרים שני סוגי היצרים הללו - יצר ההרס ויצר המין - כשני היצרים\
הבסיסיים שיש באדם; ייתכן שהוא שאב את הרעיון מהגר"א, או אולי מספר משלי.</p>	<br />	\N
משל	א	1	1	<big>מִ</big>שְׁלֵי שְׁלֹמֹה בֶן דָּוִד,\
מֶלֶךְ יִשְׂרָאֵל:	<p>אלה הם <strong>המשלים</strong> אשר אמר <strong>שלמה</strong>, כי את התורה המשיל לאשה טובה, והמינות לזונה; וכן ברוב הדברים אחז בדרך משל.\
\
\
\
\
\
</p>	<p>זה ספר <strong>המשלים</strong> שאסף וכתב <strong>שלמה בן דוד מלך ישראל</strong>.</p>	<p>השורש \
<strong>משל</strong>   נזכר בתנ"ך בכמה משמעויות:</p><p>א. דמיון והקבלה, כמו בדברי ה', \
<a class="psuq" href="http://localhost/tnk1/prqim/t1046.htm#5">ישעיהו מו5</a>: "<q class="psuq">לְמִי תְדַמְיוּנִי וְתַשְׁווּ, \
<strong>וְתַמְשִׁלוּנִי</strong> וְנִדְמֶה?</q>".&#160; וכן פעמים רבות בדברי חז"ל, "<q class="mfrj"><strong>משל</strong> למה הדבר דומה...</q>"</p><p>ב. פתגם או דבר-חכמה קצר, כמו בדברי דוד, <a class="psuq" href="http://localhost/tnk1/prqim/t08a24.htm#13">שמואל א כד13</a>: "<q class="psuq">כַּאֲשֶׁר יֹאמַר \
<strong>מְשַׁל</strong> הַקַּדְמֹנִי: 'מֵרְשָׁעִים יֵצֵא רֶשַׁע'; וְיָדִי לֹא תִהְיֶה בָּךְ</q>".</p>\
<p>ג. שיר או נאום, כמו בדברי בלעם, \
  <a class="psuq" href="http://localhost/tnk1/prqim/t0423.htm#18">במדבר כג18</a>: "<q class="psuq">וַיִּשָּׂא \
<strong>מְשָׁלוֹ</strong> וַיֹּאמַר: קוּם בָּלָק וּשֲׁמָע, הַאֲזִינָה עָדַי בְּנוֹ צִפֹּר</q>".</p>\
<p>ד. שלטון והנהגה, כמו בדברי בני יעקב, \
<a class="psuq" href="http://localhost/tnk1/prqim/t0145.htm#26">בראשית מה26</a>: "<q class="psuq">עוֹד יוֹסֵף חַי, וְכִי הוּא \
<strong>מֹשֵׁל</strong> בְּכָל אֶרֶץ מִצְרָיִם</q>".</p>\
  \
  \
<p class="future">מה הקשר בין כל המשמעויות? ראו על כך במילון שבסוף הספר, ערך <a href="http://localhost/tnk1/kma/qjrim1/mjl1.html">משל</a>.</p><p>כל המשמעויות הללו נמצאות בספר משלי:</p><p>א. יש בו דימויים והקבלות רבים, הממחישים עקרונות מוסריים בעזרת דוגמאות מהטבע והחיים, כמו <a class="psuq" href="http://tora.us.fm/tnk1/prqim/t2827.htm#18">משלי כז18</a>: "<q class="psuq">נֹצֵר תְּאֵנָה יֹאכַל פִּרְיָהּ, וְשֹׁמֵר אֲדֹנָיו יְכֻבָּד</q>" (<a href="http://tora.us.fm/tnk1/ktuv/mj/27-18.html">פירוט</a>).&#160;&#160;&#160; ולפי מפרשים רבים, גם הפסוקים הנראים פשוטים, למעשה כוללים דימויים נסתרים <small>(<a href="http://he.wikisource.org/w/index.php?title=%D7%A7%D7%98%D7%A2:%D7%A8%D7%A9%22%D7%99_%D7%A2%D7%9C_%D7%9E%D7%A9%D7%9C%D7%99_%D7%90_%D7%90&amp;action=edit" class="external text" title="http://he.wikisource.org/w/index.php?title=%D7%A7%D7%98%D7%A2:%D7%A8%D7%A9%22%D7%99_%D7%A2%D7%9C_%D7%9E%D7%A9%D7%9C%D7%99_%D7%90_%D7%90&amp;action=edit">רש"י</a>, מצודות)</small>.</p><p>ב. יש בו פתגמים קצרים עם מסר קולע, כמו ב<a class="psuq" href="http://tora.us.fm/tnk1/prqim/t2821.htm#23">משלי כא23</a>: "<q class="psuq">שֹׁמֵר פִּיו וּלְשׁוֹנוֹ - שֹׁמֵר מִצָּרוֹת נַפְשׁוֹ</q>" (<a href="http://tora.us.fm/tnk1/ktuv/mj/21-23.html">פירוט</a>). רוב הפסוקים בפרקים י-כב, כה-כט הם מסוג זה.</p><p>ג. יש בו נאומים שיריים עם מסר מורכב, כמו הנאום במשלי ו6-11 המתחיל במילים: "<q class="psuq">לֵךְ אֶל נְמָלָה עָצֵל, רְאֵה דְרָכֶיהָ וַחֲכָם</q>" (<a href="http://tora.us.fm/tnk1/ktuv/mj/06-06.html">פירוט</a>). רוב הפרקים א-ט, כג-כד, ל-לא מחולקים לנאומים מסוג זה.</p><p>ד. ויש בו גם הנחיות לשלטון והנהגה, כמו ב<a class="psuq" href="http://tora.us.fm/tnk1/prqim/t2825.htm#5">משלי כה5</a>: "<q class="psuq">הָגוֹ רָשָׁע לִפְנֵי מֶלֶךְ - וְיִכּוֹן בַּצֶּדֶק כִּסְאוֹ</q>" (<a href="http://tora.us.fm/tnk1/ktuv/mj/25-05.html">פירוט</a>).</p>	<p>לשורש <strong>משל</strong> ישנן כמה משמעויות שונות<small class="small"> (ראו "דקויות")</small> ובמבט ראשון נראה שאין קשר ביניהן.&#160;&#160; אולם דווקא שלמה המלך שילב בין המשמעויות השונות:</p><p>-  הוא היה מומחה ב<strong>משלים</strong> - דימויים, פתגמים, שירים ונאומים, <a class="psuq" href="http://tora.us.fm/tnk1/prqim/t09a05.htm#12">מלכים א ה12-13</a>: "<q class="psuq">וַיְדַבֵּר שְׁלֹשֶׁת אֲלָפִים <strong>מָשָׁל</strong>, וַיְהִי שִׁירוֹ חֲמִשָּׁה וָאָלֶף; &#160; וַיְדַבֵּר\
 עַל הָעֵצִים מִן הָאֶרֶז אֲשֶׁר בַּלְּבָנוֹן וְעַד הָאֵזוֹב אֲשֶׁר יֹצֵא \
בַּקִּיר, וַיְדַבֵּר עַל הַבְּהֵמָה וְעַל הָעוֹף וְעַל הָרֶמֶשׂ וְעַל הַדָּגִים</q>";</p><p>- והוא היה גם מומחה ב<strong>ממשלה</strong> - שלטון והנהגה <a class="psuq" href="http://localhost/tnk1/prqim/t09a05.htm#1">מלכים א ה1</a>: "<q class="psuq">וּשְׁלֹמֹה הָיָה <strong>\
מוֹשֵׁל</strong> בְּכָל \
הַמַּמְלָכוֹת מִן&#160;הַנָּהָר אֶרֶץ פְּלִשְׁתִּים וְעַד גְּבוּל מִצְרָיִם, \
מַגִּשִׁים מִנְחָה וְעֹבְדִים אֶת שְׁלֹמֹה כָּל יְמֵי חַיָּיו</q>".</p><p>שלמה ידע <strong>למשול</strong> - למצוא את המשותף והדומה בדברים הנראים שונים, החל מבני-אדם ועד חיות וצמחים.&#160;&#160; והכישרון הזה איפשר לו גם <strong>למשול</strong> - להנהיג בהצלחה את העמים השונים והמגוונים בממלכתו הרחבה.</p>	<p>ספר משלי כולל עצות מעשיות בארבעה תחומים עיקריים:<br />א.&#160;<strong>בין אדם לנפשו</strong> - תיקון המידות והרגשות.<br />ב.<q class="psuq"> </q><strong>בין אדם לחברו</strong> - זוגיות, משפחה ויחסי-אנוש תקינים.<br />ג.<q class="psuq">&#160;</q><strong>בין אדם למדינה</strong> - חכמת השלטון, ההנהגה והמשפט.<br />ד.&#160;<strong>בין אדם לה'</strong> - יראת שמיים, תורה ומצוות.</p><p>ארבעת התחומים הללו נרמזים כולם בפסוק הראשון:<br />א. <q class="psuq">שלמה</q>   - שמו הפרטי של המחבר - מסמל את המשלים ש<strong>בין אדם לנפשו</strong>;<br />ב.<q class="psuq"> בן דוד</q> - שם משפחתו של המחבר - מסמל את המשלים ש<strong>בין אדם למשפחתו</strong> <strong>ולחבריו</strong>;<br />ג.<q class="psuq"> מלך ישראל</q> - מקצועו של המחבר - מסמל את המשלים ש<strong>בין אדם למדינה</strong>;<br />ד. והסיום<q class="psuq"> אל</q> רומז אל המשלים ש<strong>בין אדם לה'</strong>.</p><p>ארבעת התחומים הללו נרמזים גם בארבעת המשמעויות של השורש <strong>משל</strong> בלשון המקרא:</p><p>א. <strong>פתגם</strong> - כנגד המשלים העוסקים בתיקון המידות, שהרי אחת הדרכים היעילות ללימוד מידה טובה היא לשנן פתגם קצר העוסק באותה מידה.</p><p>ב. <strong>שיר או נאום</strong> - כנגד המשלים שבין אדם למשפחתו ולחבריו, שהרי בימי קדם, שירים ונאומים היו אמצעי תקשורת חשובים.</p><p>ג. <strong>שלטון והנהגה</strong> - כנגד המשלים שבין אדם למדינה. השורש נזכר בפירוש ביחס לשלמה, שהיה שליט חכם, \
<a class="psuq" href="/tnk1/prqim/t09a05.htm#1">מלכים א ה1</a>: "<q class="psuq">וּשְׁלֹמֹה הָיָה <strong>\
מוֹשֵׁל</strong> בְּכָל \
הַמַּמְלָכוֹת מִן&#160;הַנָּהָר אֶרֶץ פְּלִשְׁתִּים וְעַד גְּבוּל מִצְרָיִם, \
מַגִּשִׁים מִנְחָה וְעֹבְדִים אֶת שְׁלֹמֹה כָּל יְמֵי חַיָּיו... וַיְּדַבֵּר שְׁלֹשֶת אֲלָפִים <strong>מָשָׁל</strong>...<q class="psuq"></q></q>"\
<strong>משל</strong> המשקף את ניסיונו \
<strong>כמושל</strong>.</p><p>ד. <strong>דמיון והקבלה</strong> - כנגד המשלים בין אדם לה', "<q class="mfrj">כי מפתח הבנת כל מה שאמרו הנביאים... הוא הבנת המשלים, וענייניהם, וביאור לשונותיהם</q>" \
<small>(<a class="kll" title="כלל" href="/daat/mahshevt/more/a2-2.htm#1">מורה נבוכים, חלק ראשון - הקדמה</a>)</small>. האמת האלהית היא עמוקה ונשגבת, וכדי לקרב אותה להבנתם של האנשים הפשוטים, השתמשו הנביאים בדימויים ומשלים, <a class="psuq" href="/tnk1/prqim/t1312.htm#11">הושע יב11</a>: "<q class="psuq">וּבְיַד הַנְּבִיאִים <strong>אֲדַמֶּה</strong></q>",&#160;\
\	\	\	<a class="psuq" href="http://tora.us.fm/tnk1/prqim/t1217.htm#2">יחזקאל יז2</a>: "<q class="psuq">בֶּן אָדָם <strong>חוּד חִידָה</strong> וּמְשֹׁל מָשָׁל אֶל בֵּית יִשְׂרָאֵל</q>".</p><p> כך, גם שלמה השתמש בדימויים והקבלות כדי להבין את התורה: "<q class="mfrj">לבאר עמוקה מלאה מים, והיו מימיה צוננין ומתוקים וטובים, ולא הייתה בריה יכולה לשתות ממנה. בא אדם אחד, וסיפק לה חבל בחבל, משיחה במשיחה ודלה ממנה ושתה. התחילו הכל דולין ושותין. כך, מדבר לדבר, ממשל למשל, עמד שלמה על סודה של תורה, דכתיב <strong>משלי שלמה בן דוד מלך ישראל</strong>, על ידי משלותיו של שלמה, עמד על דברי תורה</q>" (ר' חנינא, <a href="http://he.wikisource.org/wiki/%D7%A9%D7%99%D7%A8_%D7%94%D7%A9%D7%99%D7%A8%D7%99%D7%9D_%D7%A8%D7%91%D7%94_%D7%90_%D7%90_%D7%97" title="שיר השירים רבה א א ח">שיר השירים רבה א א ח</a>).</p>\
	משלי שלמה - פתיחה
משל	א	1	2	לָדַעַת חָכְמָה וּמוּסָר,\
לְהָבִין אִמְרֵי בִינָה;	<p>תועלת הדברים, <strong>להודיע</strong> לבני אדם <strong>חכמה ומוסר</strong>; &#160;&#160; ואחז במשל למען <strong>הבין</strong> לזולת <strong>דברי בינה</strong>, כי הוא מבוא גדול לקנות ההבנה.</p>\
\
\
\
\
\
	<p>- כשאתם מתחילים ללמוד, קודם-כל השתדלו  <strong>לדעת </strong>דברי <strong>חכמה ומוסר</strong> שאמרו חכמים אחרים, ואחר-כך <strong>להבין </strong>ולפתח <strong>אמרי בינה</strong> חדשים משל עצמכם;</p>	<p><q class="psuq"><strong>לָ</strong>דַעַת</q>, <q class="psuq"><strong>לָ</strong>קַחַת</q>, <q class="psuq"><strong>לָ</strong>תֵת</q> - האות <strong>ל</strong> מציינת את התכלית של מה שלפניה:</p><p>1. התכלית עבור <em>הקורא</em> - מה התועלת שהקורא בספר יכול להפיק ממנו.</p><p>2. וגם התכלית <em>עבור הכותב</em> - מדוע החליט שלמה המלך לכתוב את הספר.&#160;&#160;&#160; <strong>משלי שלמה... לדעת חכמה</strong> - המשלים שאסף שלמה כדי שיידע חכמה. ולא כתב להודיע אלא <strong>לדעת</strong> - קודם-כל שיידע הכותב בעצמו, ורק אחר-כך יוכל ללמד אחרים.&#160;&#160; <small class="small">וכן כתב גם הרמח"ל בהקדמה לספרו "מסילת ישרים", שתכליתו קודם-כל "ללמד לעצמי" ואחר-כך גם "להזכיר לאחרים".&#160;&#160;&#160;&#160;&#160;&#160;</small></p><h3>מה ההבדל בין <strong>חכמה</strong> ל<strong>בינה</strong>?</h3><p><strong>חכמה</strong> ו<strong>בינה</strong> מופיעות יחד לאורך כל התנ"ך ובפרט בספר משלי. מתוך המקורות ודברי חז"ל, נראה שה<strong>חכמה</strong> פונה כלפי חוץ וה<strong>בינה</strong> פונה כלפי פנים: <strong>חכמה</strong> היא הכשרון <a href="http://localhost/tnk1/kma/qjrim1/xkm.html">לשמוע וללמוד ולדבר וללמד</a>, ו<strong>בינה</strong> היא הכשרון <a href="http://localhost/tnk1/kma/qjrim1/bwn.html">לחשוב ולחקור ולנתח ולהסיק מסקנות</a>. כך פירשנו לאורך כל הספר.</p><p>בפסוקנו, החלק הראשון <strong>לדעת חכמה ומוסר</strong> מייצג את השלב הראשון בחינוך, שבו האדם למד ממקורות חיצוניים ומקבל ידע מאחרים; החלק השני <strong>להבין אמרי בינה</strong> מייצג את השלב השני, שבו האדם חוקר מסיק מסקנות בעצמו, <strong>מבין</strong> דבר מתוך דבר ו<strong>בונה</strong> עוד קומה של ידע. </p><h3>מה זה <strong>מוסר</strong>?</h3><p>\
<a href="http://localhost/tnk1/kma/qjrim1/musr.html"><strong>מוסר</strong></a> בלשון ימינו הוא אתיקה או ערכים (morals בלע"ז), אך בלשון המקרא יש לו לפחות שתי משמעויות שונות, כמו בפסוקים: </p><p>1. <a class="psuq" href="http://localhost/tnk1/prqim/t1130.htm#14">ירמיהו ל14</a>: "<q class="psuq">כָּל מאהבַיִךְ שכחוּךְ, אוֹתָךְ לֹא יִדְרֹשׁוּ; כִּי \
מַכַּת        אוֹיֵב הכִּיתִיךְ, \
<strong>\
מוּסָר</strong>                אַכְזָרִי; עַל רֹב עונֵךְ, עָצְמוּ חַטֹּאתָיִךְ</q>"\
 (דברי ה' אל ירושלים לאחר החורבן) - אין הכוונה שה' היכה את ירושלים \
על-ידי פרופסורים אכזריים לתורת האתיקה, אלא שהוא הביא עליה <strong>ייסורים</strong>, מכות \
וצרות; כאן \
<strong>מוסר</strong>         מהשורש \
<strong>יסר</strong>.</p><p>2. <a class="psuq" href="http://localhost/tnk1/prqim/t1017.htm#1">ישעיהו יז1</a>: "<q class="psuq">מַשָּׂא דַּמָּשֶׂק: הִנֵּה דַמֶּשֶׂק \
<strong>מוּסָר</strong> מֵעִיר, וְהָיְתָה מְעִי מַפָּלָה</q>" (נבואת פורענות על \
מלכות ארם) - אין הכוונה שדמשק היא סמל לעיר מוסרית וצודקת, אלא שה' <strong>יסיר</strong> \
מדמשק את מעמדה כעיר בירה, ויביא עליה מפלה; כאן \
<strong>מוסר</strong>         מהשורש \
<strong>סור</strong>.&#160;&#160; וכן ב<a class="psuq" href="http://tora.us.fm/tnk1/prqim/t08a21.htm#7">שמואל א כא7</a>: "<q class="psuq">וַיִּתֶּן לוֹ הַכֹּהֵן קֹדֶשׁ, כִּי לֹא הָיָה שָׁם לֶחֶם כִּי אִם לֶחֶם הַפָּנִים <strong>הַמּוּסָרִים</strong> מִלִּפְנֵי ה' לָשׂוּם לֶחֶם חֹם בְּיוֹם הִלָּקְחוֹ</q>".</p><p>ניתן לפרש את הביטוי <strong>לדעת חכמה ומוסר</strong> לפי שתי המשמעויות הללו:</p><p>1. <strong>חכמה</strong>   היא ידיעת החוק, \
<strong>מוסר</strong>   הוא ידיעת העונש והייסורים המגיעים למי שמפר את  החוק; &#160;&#160;\
<strong>חכמה</strong> משפיעה על השכל, \
<strong>מוסר</strong>   משפיע על הרצון <small>(מלבי"ם על הפסוק; חפץ חיים בפתיחה לספר שמירת הלשון). </small></p>\
  \
\
     \
 \
<p><strong>חכמה</strong>   היא לכתחילה - "<q class="mfrj">שלא ייפול ברשת היצר הרע אשר הוא פורש לרגליו ושלא יתפתה בפיתויו</q>".&#160; <strong>מוסר</strong> הוא בדיעבד - "<q class="mfrj">אם יצרו מתגבר עליו, ייסר את עצמו וישבור אותו</q>" \
<small>(הגר"א על הפסוק)</small>.\
</p>\
    \
  \
<p>2. <strong>חכמה</strong> - להוסיף תכונות טובות, \
<strong>מוסר</strong> - להסיר תכונות רעות; &#160; <strong>חכמה</strong> - לדעת מה לעשות, <strong>מוסר</strong> - לדעת מה לא לעשות, איזה מעשה ראוי להיות מוּסָר ומורחק מחיינו&#160; <small>(ע"פ אורי בירן, "נקודת חיבור")</small>.</p>\
<p>ההבדל בין חכמה למוסר מתגלה גם בהמשך הספר, בשני קטעים מקבילים שבאחד מהם נזכרה <strong>חכמה</strong> ובשני - <strong>מוסר</strong>:&#160; <a class="psuq" href="http://tora.us.fm/tnk1/prqim/t2806.htm#6">משלי ו6</a>: "<q class="psuq">לֵךְ אֶל <strong>נְמָלָה</strong> עָצֵל, רְאֵה דְרָכֶיהָ <strong>וַחֲכָם</strong></q>" (<a href="http://tora.us.fm/tnk1/ktuv/mj/06-06.html">פירוט</a>), לעומת <a class="psuq" href="http://tora.us.fm/tnk1/prqim/t2824.htm#32">משלי כד32</a>: "<q class="psuq">עַל שְׂדֵה <strong>אִישׁ עָצֵל</strong> עָבַרְתִּי... וָאֶחֱזֶה, אָנֹכִי אָשִׁית לִבִּי, רָאִיתִי לָקַחְתִּי <strong>מוּסָר</strong></q>" (<a href="http://tora.us.fm/tnk1/ktuv/mj/24-32.html">פירוט</a>).&#160; &#160; שני הקטעים עוסקים בחריצות לעומת עצלות, ושניהם מסתיימים בשני פסוקים זהים.&#160;&#160;&#160; אולם פרק ו מדבר בשבח החריצות על-ידי דוגמה חיובית - הנמלה החרוצה המצליחה להסתדר ללא קצין שוטר ומושל.&#160; ופרק כד מדבר בגנות העצלות על-ידי דוגמה שלילית - האיש העצל המזניח את שדהו עד שהוא נהרס.&#160;&#160;&#160; אם כך,&#160;&#160; <a href="http://localhost/tnk1/kma/qjrim1/xkm.html"><strong>החכמה</strong> היא לימוד מדוגמה חיובית, לימוד מתוך רצון להתקדם ולהצליח</a>; <a href="http://localhost/tnk1/kma/qjrim1/musr.html"><strong>המוסר</strong> הוא לימוד מדוגמה שלילית, לימוד מתוך חשש להיכשל ולסבול מ<strong>ייסורים</strong></a>.&#160;&#160; והם מקבילים לשתי הדרכים בעבודת ה' - אהבה ויראה <small class="small">(ע"פ גליה)</small>.</p>	<br />	<p>האות <strong>ל</strong> מציינת את התכלית של מה שלפניה: <strong>משלי שלמה... לדעת חכמה</strong> - המשלים שכתב שלמה כדי שיידע חכמה. ולא כתב להודיע אלא <strong>לדעת</strong> - קודם-כל שיידע הכותב בעצמו, ורק אחר-כך יוכל ללמד אחרים. </p><p>כך פתח גם הרמח"ל: "<q class="mfrj">והנה... הסכמתי לחבר חבורי זה, \
<strong>ללמד לעצמי</strong>    ולהזכיר לאחרים\
 תנאי העבודה השלמה למדרגותיהם... כי אקרא בו \
<strong>אני</strong>    וכל מי \
שימצא בו נחת, למען נלמד ליראה את ה' אלקינו...</q>" \
<small>(רמח"ל, \
<a href="http://he.wikisource.org/wiki/%D7%9E%D7%A1%D7%99%D7%9C%D7%AA_%D7%99%D7%A9%D7%A8%D7%99%D7%9D,_%D7%94%D7%A7%D7%93%D7%9E%D7%94" title="מסילת ישרים, הקדמה" class="mw-redirect">מסילת ישרים, הקדמת הרב המחבר</a>)</small>.</p>	ללמד לעצמי ולהזכיר לאחרים
משל	א	1	4	לָתֵת לִפְתָאיִם עָרְמָה,\
לְנַעַר דַּעַת וּמְזִמָּה;	<p>הדברים הנאמרים פה יועילו <strong>לתת לשוטים ערמה</strong> (התחכמות) להסיר הפתיות מלבם;&#160;&#160;&#160; ו<strong>לנער</strong>, למי שהוא רך בשנים, אשר יעשה מעשיו בבלי דעת ובלי מחשבה קדומה, הדברים ההם יועילו לקנות <strong>דעת ומזימה</strong> (מחשבה) - מעתה יחשוב בדבר עד לא יעשנה.</p>\
\
\
\
\
\
	<p>- אחרי שלמדתם בעצמכם, השתדלו גם ללמד אחרים: <strong> לתת</strong> עצות&#160;<strong>לפתיים</strong> כך שיקבלו <strong>עורמה </strong>(זהירות מהטעיות), ולעזור <strong>ל</strong>כל <strong>נער</strong> ל<strong>דעת</strong> איך להיזהר מ<strong>מזימה</strong>.</p> \
	<h3>מה התועלת בלימוד ערמה ומזימה?</h3><p>המושגים<strong> <a href="http://localhost/tnk1/kma/qjrim1/orma.html">ערמה</a></strong> ו<strong><a href="http://localhost/tnk1/kma/qjrim1/mzima.html">מזימה</a></strong>     נזכרים בתנ"ך כמה\
פעמים במשמעות שלילית:</p><ul><li>\
<strong>ערמה</strong>     היא \
<a href="http://localhost/tnk1/kma/qjrim1/orma.html">היכולת להטעות ולפתות</a>, כמו הנחש שפיתה את חוה ב<a class="psuq" href="http://localhost/tnk1/prqim/t0103.htm">בראשית ג1</a>: "<q class="psuq">וְהַנָּחָשׁ הָיָה\
<strong>עָרוּם</strong> מִכֹּל חַיַּת הַשָּׂדֶה</q>", הגבעונים שהטעו את בני ישראל ב<a class="psuq" href="http://localhost/tnk1/prqim/t0609.htm">יהושע ט4</a>: "<q class="psuq">וַיַּעֲשׂוּ גַם הֵמָּה\
<strong>בְּעָרְמָה,</strong> וַיֵּלְכוּ וַיִּצְטַיָּרוּ וַיִּקְחוּ שַׂקִּים בָּלִים...</q>", והרוצח ב<a class="psuq" href="http://localhost/tnk1/prqim/t0221.htm">שמות כא14</a>: "<q class="psuq">וְכִי יָזִד אִישׁ עַל רֵעֵהוּ לְהָרְגוֹ\
<strong>בְעָרְמָה</strong> - מֵעִם מִזְבְּחִי תִּקָּחֶנּוּ לָמוּת</q>".</li><li>\
<strong>מזימה</strong>     היא <a href="http://localhost/tnk1/kma/qjrim1/mzima.html">תוכנית לעשות רע לזולת</a>, כמו ב<a class="psuq" href="http://tora.us.fm/tnk1/prqim/t2621.htm#12">תהלים כא12</a>: "<q class="psuq">כִּי נָטוּ עָלֶיךָ <strong>רָעָה</strong>, חָשְׁבוּ \
<strong>מְזִמָּה</strong> בַּל יוּכָלוּ</q>" וב<a class="psuq" href="http://tora.us.fm/tnk1/prqim/t2824.htm#8">משלי כד8</a>: "<q class="psuq">מְחַשֵּׁב <strong>לְהָרֵעַ</strong>, לוֹ בַּעַל \
<strong>מְזִמּוֹת</strong> יִקְרָאוּ</q>" (<a href="http://tora.us.fm/tnk1/ktuv/mjly/mj-24-08.html">פירוט</a>).</li></ul><p>מפתיע מאד, אם כך, שספר משלי מציב את הערמה והמזימה כאחת המטרות שלו!</p><p> נראה שמטרת הספר היא,\
ללמד את הנערים איך <strong>להיזהר</strong> מהערמות וממזימות. &#160; כדי להתמודד עם האויב, צריך להכיר\
את הנשק שלו.&#160; </p>    \
<p style="text-align: right;">\
</p><ul><li>\
כדי שיוכלו להיזהר מפיתויים והטעיות, הם צריכים להכיר את דרכי הפיתוי וההערמה, ולכן צריך "<q class="psuq">לתת לפתיים ערמה</q>";</li><li>וכדי שיוכלו להיזהר מתוכניות שנועדו לפגוע בהם, הם צריכים להכיר את דרכי המזימה, ולכן צריך לתת "<q class="psuq">לנער דעת ומזימה</q>". </li></ul><p>          כך גם ב<a class="psuq" href="http://localhost/tnk1/prqim/t2802.htm#11">משלי ב11</a>: "<q class="psuq"><strong>מְזִמָּה תִּשְׁמֹר עָלֶיךָ,</strong> תְּבוּנָה תִנְצְרֶכָּה</q>" - העובדה שהנער מכיר מזימות תשמור עליו, כי היא תאפשר לו להתגונן.&#160; וב<a class="psuq" href="http://tora.us.fm/tnk1/prqim/t2808.htm#4">משלי ח4-5</a>: "<q class="psuq">אֲלֵיכֶם אִישִׁים אֶקְרָא, וְקוֹלִי אֶל בְּנֵי אָדָם: <strong>הָבִינוּ פְתָאיִם עָרְמָה</strong> וּכְסִילִים הָבִינוּ לֵב</q>" (<a href="http://tora.us.fm/tnk1/ktuv/mj/08-05.html">פירוט</a>).</p><h3>מה המשמעות המעשית?</h3><p>לפסוק שלנו ישנן משמעויות מעשיות בתחומים רבים.</p><p>1. <strong>חינוך ילדים</strong>: יש להסביר לילדים לא רק על הדברים הטובים שיש בעולם, אלא גם על הדברים הרעים. להסביר להם שיש בעולם אנשים <strong>ערמומיים</strong> המנסים להטעות אותם, ואנשים רעים ה<strong>זוממים</strong> לפגוע בהם. <strong>לתת</strong> להם תמרורי-אזהרה שיעזרו להם  להבחין בין טוב לרע.</p><p>2. <strong>חינוך ציבורי</strong>:  יש \
להשאיר בבתי-הספר גם תלמידים פחות מוכשרים, ולא להקים בתי ספר לחכמים בלבד: "<q class="mfrj">קשה עלי כאשר \
שמעתי על אודות חסרון כח לסבול עול הציבור, \
הגורם ליחידים לעזוב את הישיבה... אחשוב ליותר נכון להתגלגל \
ולסבול ולקרב בכל מה שאפשר, וזה כל פרי של \
הישיבה \
<strong>לתת לפתאים ערמה</strong>      ולתועים בינה, ואין \
מקום להאשים את השובבים, כי הלא "עיר פרא \
אדם יולד", ועלינו להשתדל בזה בכל מחיר, ופעמים \
ימין דוחה ושמאל מקרבת, ופעמים לקרב בשתי \
ידים...</q>" \
<small>(אגרות חזון \
איש – א, פא)</small>; בתנאי, כמובן, שהם בעלי אישיות הגונה, ואינם פוגעים באחרים. </p><p style="text-align: right;">   \
  \
</p><p>3. <strong>שיווק</strong>: יש ללמד את הילדים על תחבולות שיווקיות שמפעילים  סוכני-מכירות כדי למכור להם מוצרים שהם לא באמת צריכים. <small class="small">לדוגמה,\
 כשאתם אומרים לסוכן המכירות "אנחנו לא רוצים לקנות את המוצר כי הוא יקר \
מדי", והסוכן שואל "אם אני אעשה לכם הנחה של 20% - תקנו?", אתם נמצאים תחת \
לחץ פסיכולוגי להגיד "כן", כי הרגע אמרתם שאתם לא רוצים לקנות בגלל המחיר \
הגבוה. אחרי שאמרתם "כן", אתם עלולים לגלות שאתם בעצם בכלל לא צריכים את \
המוצר, אבל זה כבר מאוחר מדי, אמרתם "כן" ולא נעים לכם להתחרט...&#160;</small> כשמכירים את התחבולות הללו, קל יותר להתנגד ולהגיד "לא תודה".</p><p>4. <strong>בידור</strong>: יש תועלת במופעים של קוסמים המסבירים לקהל את סוד הקסם - איך הם עשו את זה.&#160; קוסמים אלה מקיימים את הפסוק "<q class="psuq">לתת לפתיים ערמה</q>": הם מלמדים את הצופים (שחלקם לפחות פתיים) את אחת מדרכי ההטעיה, ובכך עושים אותם יותר "ערומים" וזהירים מפני הטעיות בכלל.</p><h3>מה הסכנה  בלימוד ערמה ומזימה?</h3><p>אדם רע עלול להשתמש ב<strong>ערמה</strong> וב<strong>מזימה</strong> כדי לרמות אחרים.&#160;&#160; לכן, ספר משלי ממליץ לגרש מבית-הספר אנשים רעים העלולים להשתמש לרעה בידע שקיבלו:&#160;&#160; <a class="psuq" href="http://localhost/tnk1/prqim/t2822.htm#10">משלי כב10</a>: "<q class="psuq">גָּרֵשׁ <strong>לֵץ</strong>, וְיֵצֵא מָדוֹן, וְיִשְׁבֹּת דִּין וְקָלוֹן</q>" (<a href="http://localhost/tnk1/ktuv/mjly/mj-22-10.html">פירוט</a>),&#160;&#160; <a class="psuq" href="http://localhost/tnk1/prqim/t2823.htm#9">משלי כג9</a>: "<q class="psuq">בְּאָזְנֵי <strong>כְסִיל</strong> אַל תְּדַבֵּר, כִּי יָבוּז לְשֵׂכֶל מִלֶּיךָ</q>" (<a href="http://localhost/tnk1/ktuv/mjly/mj-23-09.html">פירוט</a>).</p><p>לימוד הערמה והמזימה נועד רק לטובת התלמידים התמימים, \
<strong>פתיים</strong>   ו<strong>נערים</strong>. אנשים שאין בהם רוע אלא רק חוסר-ידע שעלול \
לגרום להם להתפתות. </p><p>\
  אבל מה עושים כשצריך ללמד בציבור, שבו יש גם אנשים תמימים וגם אנשים רעים? \
האם ללמד ערמה ומזימה כדי שהאנשים התמימים יידעו להיזהר, או להימנע מכך כדי\
 שלא לתת רעיונות לאנשים הרעים?\
\
  רבן יוחנן בן זכאי התלבט בשאלה זו:\
\
</p><p>"<q class="mfrj">תנו רבנן: אין עושין את המחק צדו אחד עב וצדו אחד קצר; לא ימחוק בבת אחת, שהמוחק\
בבת אחת רע למוכר ויפה ללוקח; ולא ימחוק מעט מעט, שרע ללוקח ויפה למוכר;\
</q></p>        \
<p>\
<q class="mfrj">על\
כולן אמר רבן יוחנן בן זכאי: 'אוי לי אם אומר, אוי לי אם לא אומר:\
<br />\
</q>     \
</p>    <ul><li>\
<q class="mfrj">אם אומר - שמא\
ילמדו הרמאין;</q></li><li>\
<q class="mfrj">ואם לא אומר - שמא יאמרו הרמאין 'אין תלמידי חכמים בקיאין במעשה\
ידינו'!"</q></li></ul><p>\
רבן יוחנן בן זכאי התלבט, האם ללמד טכניקות מסויימות של מרמה במדידת תבואה. מה היתה ההכרעה שלו בשאלה זו? "<q class="mfrj">איבעיא להו: אמרה או לא אמרה?\
</q>       \
   \
</p><p>\
<q class="mfrj">אמר רב שמואל בר רב יצחק: אמרה, ומהאי קרא\
אמרה (הושע יד): \
<strong>כי ישרים דרכי ה', וצדיקים ילכו בם, ופושעים יכשלו בם</strong></q>" \
<small>(תלמוד בבלי, בבא בתרא פט:)</small>.\
</p><p> \
רבן יוחנן בן זכאי הסתמך על פסוק מספר הושע, והחליט שגם במצב זה יש ללמד "<strong>ערמה ומזימה</strong>".\
</p>	<p>כשאדם וחוה היו בגן-עדן, ה' לא רצה לתת להם <strong>דעת</strong> טוב ורע,&#160; <a class="psuq" href="http://tora.us.fm/tnk1/prqim/t0102.htm#17">בראשית ב17</a>: "<q class="psuq">וּמֵעֵץ הַ<strong>דַּעַת</strong> טוֹב וָרָע לֹא תֹאכַל מִמֶּנּוּ</q>" (<a href="http://tora.us.fm/tnk1/tora/brejit/mot_tmut.html">פירוט</a>). הוא רצה שיחיו בעולם שכולו עדינות וטוּב, ולא ייחשפו כלל למציאות של רע.&#160;&#160; אולם הנחש, שהיה <a class="psuq" href="http://tora.us.fm/tnk1/prqim/t0103.htm#1">בראשית ג1</a>: "<q class="psuq"><strong>עָרוּם</strong> מִכֹּל חַיַּת הַשָּׂדֶה אֲשֶׁר עָשָׂה ה' אֱלֹהִים</q>" (<a href="http://tora.us.fm/tnk1/messages/ljon_jorj_la_0.html">פירוט</a>), פיתה אותם לדעת.&#160;&#160; מאותו יום והלאה, כבר אי אפשר לחנך נערים  בעולם שיש בו רק טוב; חייבים כבר מגיל צעיר ללמד אותם על הרע, <strong>לתת</strong> להם תמרורי-אזהרה מפני <strong>ערמה</strong>, <strong>דעת ומזימה</strong>.</p>	<p>בספר משלי ישנן עצות ברמות שונות:\
</p>             <ul><li>יש עצות פשוטות, שנועדו\
<strong>לָתֵת לִפְתָאיִם עָרְמָה</strong>            \
     - לתת כללי-זהירות לאנשים שמתפתים בקלות; או לתת&#160;\
<strong>לְנַעַר דַּעַת וּמְזִמָּה</strong>            \
     - לתת חכמת-חיים לאנשים חסרי-נסיון;&#160;</li><li>ויש עצות מתוחכמות יותר, שנועדו לעזור לחכמים ללמוד -&#160;\
<strong>יִשְׁמַע\
חָכָם וְיוֹסֶף לֶקַח</strong>; ולעזור לנבונים להבין עוד יותר -&#160;\
<strong>וְנָבוֹן תַּחְבֻּלוֹת יִקְנֶה</strong>.</li></ul>            \
       \
<p>השילוב של עצות שונות בספר אחד הוא בעייתי: מצד אחד, חכמים ונבונים\
שיקראו את הספר עלולים להשתעמם מהעצות הפשוטות שנועדו לפתאים ולנערים; ומצד\
 שני, פתאים ונערים שיקראו את הספר עלולים להבין בצורה שגויה את העצות \
המתוחכמות יותר שנועדו לחכמים ולנבונים!&#160;&#160; שלמה הרי יכל לחלק את עצותיו לספרים נפרדים - ספר אחד לפתאים ונערים, וספר אחר לחכמים ונבונים. מדוע לא עשה כן?\
     \
</p><p>לענ"ד התשובה היא במילים <strong>לקחת ולתת</strong>: בפסוק 3 נאמר שצריך\
<strong>לקחת</strong>, ובפסוק 4 נאמר שצריך\
<strong>לתת</strong>. נראה, שמי שצריך לתת בפסוק 4 הוא מי שלקח בפסוק 3. &#160;&#160; מטרת הספר היא, שהקורא\
<strong>ייקח</strong>             מן הספר מוסר השכל, ואז יילך\
<strong>וייתן</strong>             אותו לפתאים. זאת משום שיש אנשים, שבכלל לא מודעים לכך שהם פתיים, ולא עולה על דעתם\
לבקש עצות מאחרים או לקרוא עצות בספרים, והם גם לא יקראו את ספר משלי. אסור\
להפקיר את האנשים הללו! זוהי חובתם של החכמים והנבונים, הקוראים בספר\
ולוקחים ממנו עצות, לקרוא גם את העצות הפשוטות המיועדות לפתאים, ואז ללכת\
וללמד אותם - "<q class="psuq"><span class="u">לקחת</span>             מוסר השכל... -\
<span class="u">לתת</span>             לפתאים ערמה...</q>"!\
     \
</p>       \
   \
       \
<p>\
לדוגמה: אתם, כאנשים פיקחים, בוודאי יודעים כיצד להיזהר מנוכלים, ולא מתפתים לתת\
לזרים גישה לחשבון הבנק שלכם; אולם, כשאתם הולכים ברחוב, אתם עשויים לראות אנשים\
חשודים שמחתימים עוברי-אורח על הוראת-קבע לחיוב חשבון; לפי ספר משלי, זוהי\
חובתכם להזהיר אותם, וכך \
<strong>לתת לפתיים ערמה</strong>         - להסביר להם את הסכנות, כדי שגם הם יידעו לא להתפתות.\
<br />\
     \
</p><p>גם בבתי הספר, יש \
להשאיר גם תלמידים פחות מוכשרים, "פתאים", ולא להקים בתי ספר לחכמים בלבד: "<q class="mfrj">קשה עלי כאשר \
שמעתי על אודות חסרון כח לסבול עול הציבור, \
הגורם ליחידים לעזוב את הישיבה... אחשוב ליותר נכון להתגלגל \
ולסבול ולקרב בכל מה שאפשר, וזה כל פרי של \
הישיבה \
<strong>לתת לפתאים ערמה</strong>      ולתועים בינה, ואין \
מקום להאשים את השובבים, כי הלא "עיר פרא \
אדם יולד", ועלינו להשתדל בזה בכל מחיר, ופעמים \
ימין דוחה ושמאל מקרבת, ופעמים לקרב בשתי \
ידים...</q>" \
<small>(אגרות חזון \
איש – א, פא)</small>; בתנאי, כמובן, שהם בעלי אישיות הגונה, ואינם פוגעים באחרים.\
</p>	לקחת כדי לתת
משל	א	1	5	יִשְׁמַע חָכָם וְיוֹסֶף לֶקַח,\
וְנָבוֹן תַּחְבֻּלוֹת יִקְנֶה;	<p>וגם <strong>לחכם</strong> יועילו הדברים, כי <strong>כשישמעם</strong> - <strong>יוסיף</strong> עוד <strong>ללמוד</strong> מדעתו,&#160; <strong>והנבון יקנה</strong> על-ידם <strong>תחבולות</strong>, והם דברים עמוקים בעיון רב בדקות המחשבה.</p>	<p>הלימוד אף-פעם לא נגמר: &#160; גם ה<strong>חכם</strong>, שכבר למד הרבה, <strong>ישמע</strong> דברי-חכמה חדשים ו<strong>יוסיף</strong> לעצמו <strong>לקחים</strong> ומסרים מעשיים; &#160; וגם ה<strong>נבון</strong>, שכבר חקר וחידש הרבה,  <strong>יקנה</strong> לעצמו <strong>תחבולות</strong> (אסטרטגיות) חדשות -</p>	<p>\
<strong>חכם</strong> הוא <a href="http://localhost/tnk1/kma/qjrim1/xkm.html">היודע לשמוע, ללמוד וללמד</a>;&#160;&#160; <strong>נבון</strong> הוא <a href="http://localhost/tnk1/kma/qjrim1/bwn.html">היודע לחשוב ולהסיק מסקנות</a>.</p><p><strong>לֶקַח</strong> - מלשון לקיחה - מציין <strong>ליקוט</strong> ואיסוף מידע ממקורות חיצוניים. זה כישרונו של ה<strong>חכם</strong> - הוא לוקח ו<strong>מוסיף</strong> לעצמו ומרחיב את אופקיו.</p><p><strong>תַּחְבֻּלָה</strong> - מלשון <a href="http://localhost/tnk1/kma/qjrim1/txbla.html">חֶבֶל</a> - מציינת <strong>חיבור</strong> פרטי-מידע שונים ליחידה אחת, או דרכי-פעולה שונים לתוכנית אסטרטגית אחת, כמו החבל    המורכב מסיבים דקים \
<small>(מלבי"ם על משלי א5, ביאור המילות)</small>.&#160; זה כישרונו של ה<strong>נבון</strong> - הוא <strong>קונה</strong> (יוצר) לעצמו רעיונות חדשים ומורכבים מתוך מה שלמד.</p><p>---</p><p>בספר משלי ישנן עצות ברמות שונות:\
</p>             <ul><li>יש עצות פשוטות, שנועדו\
<strong>לָתֵת לִפְתָאיִם עָרְמָה</strong>            \
     - לתת כללי-זהירות לאנשים שמתפתים בקלות; או לתת&#160;\
<strong>לְנַעַר דַּעַת וּמְזִמָּה</strong>            \
     - לתת חכמת-חיים לאנשים חסרי-נסיון<small class="small"> (פסוק 4)</small>;&#160;</li><li>ויש עצות מתוחכמות יותר, שנועדו לעזור לחכמים ללמוד -&#160;\
<strong>יִשְׁמַע\
חָכָם וְיוֹסֶף לֶקַח</strong>; ולעזור לנבונים להבין עוד יותר -&#160;\
<strong>וְנָבוֹן תַּחְבֻּלוֹת יִקְנֶה</strong><small class="small"> (פסוק 5)</small>.&#160;&#160;&#160; </li></ul><p>מעבר לכך, בכל פסוק ופסוק ישנן משמעויות שונות:</p><ul><li>יש משמעויות פשוטות המכוונת למתחילים, <strong>לָתֵת לִפְתָאיִם עָרְמָה</strong> ו<strong>לְנַעַר דַּעַת וּמְזִמָּה</strong><small class="small"> (פסוק 4)</small>; </li><li>ויש משמעויות מתקדמות יותר המכוונות למתקדמים - <strong>יִשְׁמַע\
חָכָם וְיוֹסֶף לֶקַח</strong> <strong>וְנָבוֹן תַּחְבֻּלוֹת יִקְנֶה</strong><small class="small"> (פסוק 5)</small>.&#160;&#160;&#160; ה<strong>חכם</strong> ש<strong>ישמע</strong> את המשלים <strong>יוסיף</strong> לעצמו <strong>לקחים</strong> ומסרים מעשיים, &#160; <strong>והנבון</strong> שיקרא בספר <strong>יקנה</strong> לעצמו <strong>תחבולות</strong> חדשות.</li></ul>	<p>הראשון שנקרא <strong>נבון</strong> ו<strong>חכם</strong> בתנ"ך היה <strong>יוסף</strong>, <a class="psuq" href="/tnk1/prqim/t0141.htm#33">בראשית מא33</a>: "<q class="psuq">וְעַתָּה יֵרֶא פַרְעֹה אִישׁ <strong>נָבוֹן</strong> <strong>וְחָכָם</strong> וִישִׁיתֵהוּ עַל אֶרֶץ מִצְרָיִם</q>", <a class="psuq" href="/tnk1/prqim/t0141.htm#39">בראשית מא39</a>: "<q class="psuq">וַיֹּאמֶר פַּרְעֹה אֶל <strong>יוֹסֵף</strong>: אַחֲרֵי הוֹדִיעַ אֱלֹהִים אוֹתְךָ אֶת כָּל זֹאת אֵין <strong>נָבוֹן</strong> <strong>וְחָכָם</strong> כָּמוֹךָ</q>".&#160;&#160; </p><p>ואכן, ליוסף היו שני כשרונות:&#160;&#160; כחכם, הוא ידע <strong>לשמוע ולהוסיף ולקחת</strong> לעצמו ידיעות חדשות, כגון, הידיעות שלמד מתוך חלומותיהם של השרים ושל פרעה;&#160;&#160; כנבון, הוא ידע <strong>לקנות</strong> ולפתח <strong>תחבולות</strong> ותוכניות-פעולה חדשניות, כגון, התוכנית להצלת מצרים מרעב ולהלאמת הקרקעות.&#160;&#160; הוא ידע לסחור, גם בתבואה וקרקעות וגם בידע ורעיונות.</p><p class="future">ויש כאן רמז לחכם החושב "<q class="mfrj">איני צריך למשלים הללו, שכבר למדתי חכמה ודעת קדושים אדע</q>" ... "<q class="mfrj">גם יוסף הצדיק היה חכם ונבון, ואף על פי כן היה צריך לכמה תחבולות בכל יום כדי להינצל מכף רע</q>"<small class="small"> (רמ"ד ואלי)</small>.</p><p>הביטוי <strong>יוסף לקח</strong> נזכר גם ב<a class="psuq" href="/tnk1/prqim/t2809.htm#9">משלי ט9</a>: "<q class="psuq">תֵּן לְחָכָם וְיֶחְכַּם עוֹד, הוֹדַע <strong>לְצַדִּיק וְיוֹסֶף לֶקַח</strong></q>", והוא רומז לכינויו השלישי של יוסף (שאינו נזכר בתנ"ך אך נזכר במדרשים): יוסף הצדיק.</p><p><span class="future"></span></p><p><span class="future"></span></p><p class="future">ישנם פסוקים נוספים בספר משלי המלמדים, שגם להורים כדאי לפתח בילדיהם \
תכונות של אהבת חכמה ותבונה - לא רק ללמוד אלא גם לאהוב את הלימודים:<a class="psuq" href="/tnk1/prqim/t2829.htm#3"></a></p><p class="future"><a class="psuq" href="/tnk1/prqim/t2829.htm#3">משלי כט3</a>: "<q class="psuq">אִישׁ \
אֹהֵב חָכְמָה    יְשַׂמַּח אָבִיו, וְרֹעֶה זוֹנוֹת יְאַבֶּד הוֹן</q>" (<a href="/tnk1/ktuv/mj/29-03.html">פירוט</a>)<a class="psuq" href="/tnk1/prqim/t2828.htm#7"></a></p><p class="future"><a class="psuq" href="/tnk1/prqim/t2828.htm#7">משלי כח7</a>: "<q class="psuq">נוֹצֵר תּוֹרָה בֵּן מֵבִין, וְרֹעֶה זוֹלְלִים יַכְלִים אָבִיו</q>" (<a href="/tnk1/ktuv/mj/28-07.html">פירוט</a>)</p>   \
<p class="future">   י<span class="future"></span>שנם פסוקים רבים נוספים שבהם החכמה מזוהה עם איברי השמיעה (כמו אצלנו \
<strong>ישמע חכם</strong>), בעוד שהתבונה מזוהה בדרך-כלל עם הלב; ראו&#160; <a class="psuq" href="/tnk1/prqim/t2818.htm#15">משלי יח15</a>: "<q class="psuq">לֵב נָבוֹן יִקְנֶה דָּעַת <strong>וְאֹזֶן חֲכָמִים</strong> תְּבַקֶּשׁ דָּעַת</q>" (<a href="/tnk1/ktuv/mj/18-15.html">פירוט</a>).</p><p class="future"> </p><p class="future">הביטוי \
<strong>ויוסף לקח</strong>       נאמר גם על הצדיק, \
<a class="psuq" href="/tnk1/prqim/t2809.htm#9">משלי ט9</a>: "<q class="psuq">תֵּן לְחָכָם וְיֶחְכַּם עוֹד, הוֹדַע לְצַדִּיק\
 וְיוֹסֶף לֶקַח</q>" (<a href="/tnk1/ktuv/mj/09-09.html">פירוט</a>; ראו \
<a href="/tnk1/ktuv/mjly/cdiq_xkm.html">צדיק - חכם</a>).</p>	<p>"יש כל-כך הרבה ספרים שהייתי רוצה לכתוב. הייתי רוצה לעשות רשימה של \
משפטים, שכל אחד מהם הוא כותרת של ספר שאני רוצה לחבר, ומי שיקרא את \
הרשימה, יוכל להבין מתוך הכותרת מה כתוב בספר, גם בלי שיקרא את הספר" \
<small>(ע"פ \
<a href="http://www.lho.co.il/books/4474-%D7%9E%D7%A1%D7%A2-%D7%91%D7%A9%D7%91%D7%99%D7%9C-%D7%94%D7%9C%D7%91.html">"מסע בשביל הלב" מאת דוד זלר ז"ל</a>)</small>. זה כנראה מה שעשה שלמה בספר משלי. כל פסוק בספר משלי הוא כותרת \
של ספר. שלמה לא הספיק לכתוב את כל הספרים, אך מתוך התבוננות בפסוקים ניתן \
לנסות ולהבין מה היה כתוב בספר, אילו שלמה היה כותב אותו.\
</p><p>בספר משלי ישנם 915 פסוקים המייצגים 915 ספרים שונים. הפירוש שאתם קוראים כעת נותן רק טעימה קטנה - רק חלק קטן מהתכנים שהיו כתובים ב"ספר" של כל פסוק \
ופסוק, בתקווה שהקוראים יתעוררו ללמוד ולחקור ולגלות את שאר התכנים, כמו שכתוב בפסוקנו <q class="psuq">יִשְׁמַע חָכָם וְיוֹסֶף לֶקַח</q>.</p><p>אם ברצונכם להוסיף וללמוד על ספר משלי, המקום הטוב ביותר לעשות זאת הוא \
באינטרנט. באתר ויקיטקסט ("אח צעיר" של אתר ויקיפדיה) ניתן למצוא פירוש \
תמציתי על כל הפרקים בספר משלי, ופירוש מפורט על כל הפסוקים בספר משלי ומעל 2000 פסוקים מספרים אחרים בתנ"ך (נכון לחודש ניסן ה'תשע"ד). כל המאמרים \
המופיעים בספר זה נמצאים שם בגירסה מורחבת. \
</p>\
<p>בחלק מהמאמרים בספר זה ישנן הפניות המסומנות \
<a href="/tnk1/ktuv/mjly/mdrik_od.html#">בקו תחתי</a>. בגירסה האינטרנטית של הספר, הפניות אלו הן קישורים שמובילים למאמרים מורחבים.\
</p>        \
<p>רש"י, הנחשב לאחד מגדולי פרשני המקרא, אמר פעם לנכדו:&#160;"<q class="mfrj">שאילו היה לו פנאי, היה צריך לעשות פרושים אחרים, לפי הפשטות המתחדשים בכל יום</q>" \
<small>(<a href="http://he.wikisource.org/w/index.php?title=%D7%A8%D7%A9%D7%91%22%D7%9D_%D7%A2%D7%9C_%D7%91%D7%A8%D7%90%D7%A9%D7%99%D7%AA_%D7%9C%D7%96_%D7%91&amp;action=edit&amp;redlink=1" class="new" title="רשב&quot;ם על בראשית לז ב (הדף אינו קיים)">רשב"ם על בראשית לז2</a>)</small>.\
 החלום של רש"י הופך למציאות באתר ויקיטקסט, שכן זהו אתר פתוח, שבו הגולשים\
 מוזמנים להגיב, לערוך, לשפץ ולהרחיב את הפירושים שלהם או של אחרים, "לפי \
הפשטות המתחדשים בכל יום".\
</p>     \
<p>אם ברצונכם להגיב או לערוך מאמר כלשהו שנזכר בספר זה, פשוט כתבו את שמו \
או כמה מילות מפתח מתוכו במנוע החיפוש החביב עליכם והוסיפו לחיפוש את המילה\
 "ויקיטקסט".<br />   \
</p><p>     \
כמובן שאפשר גם להוסיף מאמרים ופירושים חדשים, וכך לקיים את הפסוק <q class="psuq">יִשְׁמַע חָכָם <strong>וְיוֹסֶף</strong> לֶקַח</q>.</p>	ללמוד גם אחרי התואר
משל	א	1	6	לְהָבִין מָשָׁל וּמְלִיצָה,\
דִּבְרֵי חֲכָמִים וְחִידֹתָם;	<p>הדברים האלה נאמרים על שני דרכים: <strong>להבין את המשל</strong> - מה שהמשיל אל המליצה, וגם את <strong>המליצה</strong> עצמה: כשאומר בהמליצה להשמר מזונה, ואמורה להמשיל על המינות, הנה יש להבין בה להיות נזהר ממינות, גם מאשה זונה;&#160;&#160;&#160; (ולתוספת ביאור אמר):&#160;&#160; <strong>דברי חכמים </strong>האמורים בפה מלא, והרמוזים בדרך <strong>חידה</strong> (דברים סתומים קשה ההבנה).</p>	<p>- כי יש בלימוד רבדים רבים: הקורא יכול <strong>להבין</strong>  את המשמעות המילולית הפשוטה של כל <strong>משל</strong>, אך אם יתעמק יותר יבין גם את ה<strong>מליצה</strong> (הנמשל);&#160;&#160; הוא יוכל למצוא כאן&#160;<strong>דברי חכמים</strong> פשוטים, אך גם <strong>חידות</strong> מתוחכמות.</p>	<h3>מה ההבדל בין <strong>משל</strong> ל<strong>מליצה</strong>?</h3><p><strong>מליצה</strong>            היא התרגום של המשל, כמו ש"מליץ" הוא מתורגמן <small class="small">(בראשית מב23)</small>. &#160; בלשוננו, המליצה היא הנִמְשָׁל&#160;<small>(הגאון מווילנה בחמדה גנוזה; ודומה לזה פירש מלבי"ם.&#160;&#160; ורש"י ומצודות פירשו להיפך: <strong>משל</strong> הוא התרגום הנקרא בלשוננו נמשל, ו<strong>מליצה</strong> היא המילים שמשתמשים בהן הנקראות בלשוננו משל)</small>.\
    \
</p> \
<h3>ומה ההבדל בין משל ומליצה ל<strong>דברי חכמים וחידותם</strong>?</h3><p>1. <strong>משל ומליצה </strong>דורשים להפעיל את ה<strong>תבונה</strong> - להבין דבר מתוך דבר - את הנמשל מתוך המשל; &#160; <strong>חידות</strong> דורשות להפעיל את ה<strong>חכמה</strong> - לאסוף מידע ולהיות בקי בפרטים.</p><p><strong>משל ומליצה</strong> מתייחסים לעולם הדימויים ודורשים חשיבה אסוציאטיבית;&#160;&#160; <strong>חידות</strong> דורשות ניתוח אנליטית.&#160;&#160; והפסוק מלמד שיש לגשת ללימוד ספר משלי בשני סוגי החשיבה - גם לנתח כל פסוק במדוייק, וגם לחפש את הרמזים והדימויים<small class="small"> (ע"פ גליה)</small>.</p>  \
<p>2. הפסוק מדבר על ארבעה דברים שיש \
<strong>להבין</strong>, כנגד ארבעת הרבדים של התורה - פרד"ס:</p> \
<ul><li>\
<strong>משל</strong>  הוא המשמעות הפשוטה של המילים - \
<strong>פשט</strong>;</li><li>\
<strong>מליצה</strong>  היא הנמשל - הרעיון שהמשל רומז אליו - \
<strong>רמז</strong>;</li><li>\
<strong>דברי חכמים</strong>  הם דרשות מוסריות שהחכמים קישרו לפסוק - \
<strong>דרש</strong>;</li><li>\
<strong>וחידותם</strong>  הם הדברים הנסתרים והמוצפנים - ה<strong>סוד</strong>.</li></ul><p>פסוק 4 התייחס ל<strong>פתאים ונערים</strong>, פסוק 5 ל<strong>חכמים ונבונים</strong>, והפסוק שלנו מלמד שבספר משלי ישנם רבדים שונים - הרבדים הפשוטים מדברים לכל פתי נער, \
אבל הרבדים המתקדמים מתגלים רק לחכם והנבון המתעמקים בהם. </p> \
	<h3>שמשון</h3><p>שמשון שאל את הפלשתים חידה, <a class="psuq" href="/tnk1/prqim/t0714.htm#14">שופטים יד14</a>: "<q class="psuq">וַיֹּאמֶר לָהֶם 'מֵהָאֹכֵל יָצָא מַאֲכָל, וּמֵעַז יָצָא מָתוֹק'; וְלֹא יָכְלוּ לְהַגִּיד <strong>הַחִידָה</strong> שְׁלֹשֶׁת יָמִים</q>". חידה קצרה בת שתי צלעות שבכל אחת 3 מילים. כדי לפתור אותה, צריך לגלות את הסיפור שמאחריה - לגלות ששמשון הרג אריה ומצא דבש בגוויית האריה.</p><p>שלמה חיבר חידות רבות בסגנון דומה. רוב הפסוקים בפרקים י עד כד דומים בסגנונם לחידת שמשון - גם הם מורכבים ברובם משתי צלעות שבכל אחת 3-4 מילים. <strong>כל פסוק כזה הוא חידה!</strong> כדי לפתור את החידה עליכם לגלות את הסיפור שמאחריה, וזאת תוכלו לעשות ע"י הקבלה לסיפורים ממקומות אחרים\
 בתנ"ך.</p><p>תוכלו להיעזר בספריה של ס. שרייבר, "משלי שלמה על אישי התורה" ו"משלי שלמה על\
 מלכות בית דוד" (תשרי ה'תשס"ח); בספרו של ר' אליהו שץ, "פירוש אליהו על ספר משלי";&#160; וגם כמובן בספר זה. &#160; בהצלחה!</p><h3>דוד לעומת שלמה</h3><p>דוד המלך דיבר על משלים וחידות שקשה להבין, <a class="psuq" href="/tnk1/prqim/t2649.htm#5">תהלים מט5</a>: "<q class="psuq">אַטֶּה <strong>\
לְמָשָׁל</strong> אָזְנִי, אֶפְתַּח בְּכִנּוֹר <strong>\
 \
חִידָתִי</strong></q>". השיר שלו עוסק באחד הסודות הנשגבים ביותר -  הישארות הנפש אחרי המוות (<a href="/tnk1/ktuv/thlim/th-49-05.html">פירוט</a>), סוד שרוב בני האדם אינם מבינים, \
<a class="psuq" href="/tnk1/prqim/t2649.htm#21">תהלים מט21</a>: "<q class="psuq">אָדָם בִּיקָר <strong>\
וְלֹא יָבִין</strong>, \
נִמְשַׁל כַּבְּהֵמוֹת נִדְמוּ</q>". </p><p>דוד ניסה <strong>לפתוח</strong>  את <strong>החידות</strong> על-ידי ניגון \
<strong>בכינור</strong>, כלי נגינה המעורר השראה ולוקח את נפש האדם אל מעל המציאות הרגילה; דרך זו מתאימה לדוד, שאהב לנגן בכינור, <a class="psuq" href="/tnk1/prqim/t08a16.htm#23">שמואל א טז23</a>: "<q class="psuq">וְהָיָה בִּהְיוֹת רוּחַ אֱלֹהִים אֶל שָׁאוּל, <strong>וְלָקַח </strong>דָּוִד אֶת <strong>\
הַכִּנּוֹר</strong> וְנִגֵּן בְּיָדוֹ, וְרָוַח לְשָׁאוּל וְטוֹב לוֹ, וְסָרָה מֵעָלָיו רוּחַ הָרָעָה</q>".</p> \
<p>גם שלמה מנסה <strong>להבין</strong> את <strong>המשלים והחידות</strong> של החיים, אולם יש לו דרך אחרת: במקום לקחת כינור, הוא <strong>לוקח מוסר השכל</strong>, הוא אוהב חכמה ומנסה לפתור חידות בעזרת <strong>דברי החכמים</strong>, "<q class="psuq"><strong>לְהָבִין</strong> <strong>מָשָׁל</strong> וּמְלִיצָה, דִּבְרֵי חֲכָמִים <strong>וְחִידֹתָם</strong></q><strong><q class="psuq"></q></strong>".'</p><p>דוד ושלמה מייצגים שתי גישות משלימות לחיים: נבואה לעומת חכמה, אמונה לעומת חקירה, תפילה לעומת לימוד.&#160;&#160; ושניהם השלימו זה את זה גם בבניין המקדש: דוד עורר את הלבבות ובנה את התשתית, ושלמה ירד לפרטים וסיים את הביצוע<small class="small"> (ע"פ גליה)</small>.</p><p class="future"><strong>להבין משל ומליצה</strong> - יש להתעמק גם במשל וגם בנמשל של כל פסוק, כי שניהם חשובים. רעיון דומה מובא ב<a class="psuq" href="/tnk1/prqim/t2825.htm#11">משלי כה11</a>: "<q class="psuq">תַּפּוּחֵי זָהָב בְּמַשְׂכִּיּוֹת כָּסֶף, דָּבָר דָּבֻר עַל אָפְנָיו</q>": \
<strong>תפוחי זהב</strong>     הם כדורים יקרים מזהב, שנהגו לשים בתוך \
<strong>כלי כסף</strong>. הכסף אמנם שווה פחות מזהב, אך גם הוא יקר וחשוב. כך גם דברי החכמה - יש בהם רעיונות עמוקים ויקרים כמו \
<strong>זהב</strong>, המועברים על-ידי משלים יפים כמו \
<strong>כסף</strong>. המשלים אמנם פחות חשובים מהרעיונות שהם מעבירים, אך גם להם יש ערך רב         (<a href="/tnk1/ktuv/mj/25-11.html">פירושים נוספים</a>). </p><p class="future">-</p>\
<p class="future"><strong>דברי חכמים וחידותם</strong> - יש להתעמק בכל פסוק על-מנת לפענח את הרעיונות הנסתרים הצפונים בו. רעיון דומה מובא ב\
<a class="psuq" href="/tnk1/prqim/t2810.htm#14">משלי י14</a>: "<q class="psuq">חֲכָמִים \
יִצְפְּנוּ           דָעַת, וּפִי אֱוִיל מְחִתָּה קְרֹבָה</q>": אנשים חכמים נוהגים לדבר בשפה מוצפנת, כך שכל אחד יוכל להבין רק את מה שהוא צריך להבין (<a href="/tnk1/ktuv/mj/10-14.html">פירוט</a>). ספר משלי מסייע ללומד להבין "<q class="psuq">דברי חכמים וחידותם</q>", כלומר, ספר משלי הוא מפתח לפיענוח הצופן. לדוגמה לחידה עם פתרונות רבים, ראו\
<a class="psuq" href="/tnk1/prqim/t2811.htm#24">משלי יא24</a>: "<q class="psuq">יֵשׁ מְפַזֵּר וְנוֹסָף עוֹד, וְחוֹשֵׂךְ מִיֹּשֶׁר אַךְ לְמַחְסוֹר</q>" (<a href="/tnk1/ktuv/mj/11-24.html">פירוט</a>).</p>	<p>לכל הפסוקים בספר משלי יש יותר מפירוש אפשרי אחד. זה חלק בלתי נפרד מאופיו של הספר, ונרמז כבר בפתיחתו. הפסוק מלמד שיש להבין גם את <strong>המשל</strong> וגם את <strong>המליצה</strong> (הנמשל) של כל פסוק, כי בכל אחד מהם ישנה משמעות חשובה בפני עצמה. </p><p>לדוגמה, הספר מזהיר את האדם כמה פעמים מפני אישה נואפת (במיוחד בפרקים ה, ו, ז):\
<br />\
   \
</p>            <ul><li>\
<strong>המשל</strong>     נכון בפני עצמו - אכן יש להיזהר מפני אישה נואפת, ובספר ישנן כמה עצות שמטרתן לעזור לאדם בכך.<br />\
</li><li>אולם למשל זה יש גם \
    \
<strong>מליצה</strong>                  (נמשל) - האישה \
הנואפת היא משל ליצר המין או לתאווה באופן כללי, והעצות שבספר עוזרות \
לאדם גם בהתמודדות זו (כך פירש הגאון מווילנה; ראו \
<a href="/tnk1/ktuv/mjly/2.html">זכר ונקבה בספר משלי</a>).</li><li>וגם למליצה הזאת יש \
    \
<strong>מליצה</strong>                  - הניאוף בכל התנ"ך הוא משל לניאוף רוחני בתחום האמונה - עזיבת ה' ופניה אל אלהי נכר <small class="small">(כך פירש רש"י כאן)</small>; העצות שבספר עוזרות לאדם גם בהתמודדות רוחנית זו.</li></ul><p>הפירוש שאתם קוראים כעת נועד לעזור לכם להפיק את המירב מספר משלי, ולכן הוא כולל כמה פירושים שונים לכל פסוק, על-מנת <q class="psuq">לְהָבִין מָשָׁל וּמְלִיצָה,\
דִּבְרֵי חֲכָמִים וְחִידֹתָם.</q></p>	כמה פירושים יש לכל פסוק?
